day,maximum_fare,minimum_fare,avg_fare,std_dev_fare,rides
2013-01-01,910025.00,0.00,1377.74,13320.48,56953
2013-01-02,900054.00,0.00,1237.99,8560.35,36830
2013-01-03,800130.00,0.00,1233.54,10208.86,38808
2013-01-04,600046.00,0.00,1043.77,3515.89,50391
2013-01-05,300112.00,0.00,1006.10,1779.21,48354
2013-01-06,500062.00,0.00,1212.91,3813.52,37549
2013-01-07,900058.00,0.00,1237.02,7155.49,40181
2013-01-08,111205.00,0.00,1119.71,1634.24,39396
2013-01-09,900060.00,0.00,1321.98,12114.72,42454
2013-01-10,900074.00,0.00,1177.40,6281.87,50096
2013-01-11,570042.00,0.00,1099.47,3640.77,57234
2013-01-12,900176.00,0.00,1004.45,4507.06,58757
2013-01-13,61001.00,0.00,1102.30,1214.27,45409
2013-01-14,900064.00,0.00,1460.76,13842.95,44560
2013-01-15,900408.00,0.00,1367.68,13351.05,44310
2013-01-16,174003.00,0.00,1093.93,1664.37,49063
2013-01-17,700068.00,0.00,1146.46,5002.59,54235
2013-01-18,800170.00,0.00,1099.72,4017.08,64858
2013-01-19,500066.00,0.00,1016.44,3600.53,63779
2013-01-20,834024.00,0.00,1080.45,4718.66,56002
2013-01-21,900114.00,0.00,1404.27,13172.83,46171
2013-01-22,800064.00,0.00,1185.50,6988.87,55428
2013-01-23,900094.00,0.00,1405.43,13918.22,56233
2013-01-24,900100.00,0.00,1427.03,13861.19,59462
2013-01-25,900370.00,0.00,1159.39,7645.39,67792
2013-01-26,900129.00,0.00,1045.92,6290.71,66059
2013-01-27,200034.00,0.00,1105.25,1510.34,51847
2013-01-28,300070.00,0.00,1205.52,2080.39,45329
2013-01-29,200058.00,0.00,1096.49,1527.68,48657
2013-01-30,900082.00,0.00,1277.66,11084.75,53274
2013-01-31,900052.00,0.00,1190.77,7889.02,60590
2013-02-01,900179.00,0.00,1230.60,11733.49,71283
2013-02-02,900114.00,0.00,1187.95,9794.34,64175
2013-02-03,900092.00,0.00,1256.21,10002.13,51357
2013-02-04,900090.00,0.00,1446.98,12353.13,50685
2013-02-05,900110.00,0.00,1393.21,12838.50,51869
2013-02-06,900056.00,0.00,1327.29,9906.24,54311
2013-02-07,900148.00,0.00,1257.97,9348.07,64707
2013-02-08,900152.00,0.00,1258.26,11209.23,75038
2013-02-09,900106.00,0.00,1179.49,9063.25,69166
2013-02-10,800070.00,0.00,1314.82,9424.30,53656
2013-02-11,800070.00,0.00,1283.20,6013.52,52793
2013-02-12,800126.00,0.00,1222.27,6914.10,54136
2013-02-13,900084.00,0.00,1304.94,10224.14,56186
2013-02-14,900120.00,0.00,1240.13,8867.16,63503
2013-02-15,950027.00,0.00,1183.27,6904.65,77743
2013-02-16,900114.00,0.00,1028.62,5639.75,86198
2013-02-17,640015.00,0.00,1151.02,5436.95,71186
2013-02-18,800052.00,0.00,1337.71,7137.08,47535
2013-02-19,900056.00,0.00,1354.64,9936.08,61245
2013-02-20,921386.00,0.00,1250.28,8303.39,66522
2013-02-21,900052.00,0.00,1286.16,8655.36,73899
2013-02-22,900052.00,0.00,1097.69,3863.02,83699
2013-02-23,900071.00,0.00,1174.98,10168.37,84190
2013-02-24,900366.00,0.00,1387.09,11819.61,62752
2013-02-25,900356.00,0.00,1298.10,6617.38,56067
2013-02-26,900382.00,0.00,1339.20,13979.95,58465
2013-02-27,830017.00,0.00,1244.82,5596.23,64236
2013-02-28,500352.00,0.00,1200.90,2277.03,73800
2013-03-01,700112.00,0.00,1185.99,5158.53,89967
2013-03-02,900082.00,0.00,1255.61,12278.97,88234
2013-03-03,900100.00,0.00,1169.58,3877.98,70969
2013-03-04,900258.00,0.00,1348.48,7868.87,65841
2013-03-05,900526.00,0.00,1083.20,4557.97,58436
2013-03-06,160006.00,0.00,1205.64,1435.71,66191
2013-03-07,810018.00,0.00,1213.19,5411.89,71752
2013-03-08,900058.00,0.00,1157.79,5409.22,82931
2013-03-09,700046.00,0.00,1040.41,2675.61,80622
2013-03-10,600070.00,0.00,1190.97,3224.62,65338
2013-03-11,730019.00,0.00,1258.68,4479.27,67022
2013-03-12,900071.00,0.00,1307.00,9875.15,67314
2013-03-13,900374.00,0.00,1187.69,5419.98,71989
2013-03-14,900162.00,0.00,1294.37,9690.75,79022
2013-03-15,920020.00,0.00,1207.29,7168.79,95706
2013-03-16,980029.00,0.00,1175.14,9424.10,132541
2013-03-17,900066.00,0.00,1276.45,9314.32,78966
2013-03-18,900060.00,0.00,1395.40,8487.32,68590
2013-03-19,900410.00,0.00,1280.26,8399.40,71317
2013-03-20,900058.00,0.00,1324.80,10717.53,70855
2013-03-21,900120.00,0.00,1240.34,7858.15,78728
2013-03-22,900052.00,0.00,1266.85,8542.16,90709
2013-03-23,900110.00,0.00,1224.10,9393.12,82433
2013-03-24,900154.00,0.00,1366.35,10016.98,60820
2013-03-25,900058.00,0.00,1316.52,8602.70,50875
2013-03-26,900071.00,0.00,1283.15,10199.05,52958
2013-03-27,900148.00,0.00,1311.12,10391.31,56457
2013-03-28,900476.00,0.00,1492.02,14349.02,63865
2013-03-29,900078.00,0.00,1367.88,13578.10,70100
2013-03-30,900048.00,0.00,1227.83,11143.86,64297
2013-03-31,500314.00,0.00,1309.96,5736.06,46523
2013-04-01,897020.00,0.00,1342.17,6860.07,52990
2013-04-02,900102.00,0.00,1269.03,8665.93,56916
2013-04-03,900110.00,0.00,1300.10,9750.86,62318
2013-04-04,970208.00,0.00,1365.15,11013.03,68156
2013-04-05,836220.00,0.00,1157.21,5192.93,84979
2013-04-06,970208.00,0.00,1170.28,8657.50,81095
2013-04-07,307041.00,0.00,1198.30,1702.64,65585
2013-04-08,900410.00,0.00,1346.75,6556.59,61183
2013-04-09,897020.00,0.00,1249.24,4953.85,63225
2013-04-10,900150.00,0.00,1448.51,13124.83,66144
2013-04-11,900095.00,0.00,1444.36,12096.94,74947
2013-04-12,972032.00,0.00,1227.58,6033.18,86606
2013-04-13,900179.00,0.00,1158.82,8507.14,85438
2013-04-14,900118.00,0.00,1271.17,4500.17,66299
2013-04-15,203363.00,0.00,1294.74,1537.06,62408
2013-04-16,900220.00,0.00,1319.50,7840.02,65284
2013-04-17,900168.00,0.00,1437.13,11350.00,75912
2013-04-18,900048.00,0.00,1355.46,7538.41,74780
2013-04-19,900090.00,0.00,1368.59,11336.32,89378
2013-04-20,900152.00,0.00,1380.43,13519.51,86061
2013-04-21,900142.00,0.00,1479.43,12319.75,67259
2013-04-22,897020.00,0.00,1396.35,6549.41,59123
2013-04-23,800086.00,0.00,1185.65,4180.61,71748
2013-04-24,900176.00,0.00,1567.99,15068.47,69450
2013-04-25,940020.00,0.00,1626.34,14980.42,74997
2013-04-26,900060.00,0.00,1435.44,11585.59,81976
2013-04-27,900198.00,0.00,1327.80,12696.87,83822
2013-04-28,900304.00,0.00,1610.26,14852.81,64624
2013-04-29,900114.00,0.00,1567.77,13142.88,53777
2013-04-30,600048.00,0.00,1223.13,2692.71,60072
2013-05-01,999999.00,0.00,1324.70,6840.44,64288
2013-05-02,800064.00,0.00,1235.28,3229.66,75401
2013-05-03,720016.00,0.00,1187.92,4410.15,89842
2013-05-04,900074.00,0.00,1172.82,7318.80,85529
2013-05-05,700110.00,0.00,1267.81,3006.63,68048
2013-05-06,900087.00,0.00,1475.15,10125.68,59362
2013-05-07,901234.00,0.00,1706.72,18091.80,63422
2013-05-08,810048.00,0.00,1323.12,4374.09,66981
2013-05-09,900100.00,0.00,1281.56,6163.46,78114
2013-05-10,800056.00,0.00,1178.39,3797.89,85713
2013-05-11,900121.00,0.00,1128.48,5735.66,76165
2013-05-12,205127.00,0.00,1253.73,1405.51,58944
2013-05-13,380029.00,0.00,1322.77,2048.25,59544
2013-05-14,800054.00,0.00,1260.61,3964.76,62448
2013-05-15,900102.00,0.00,1326.20,5274.05,69171
2013-05-16,700048.00,0.00,1302.31,3159.94,75392
2013-05-17,900150.00,0.00,1384.12,10063.94,92024
2013-05-18,900156.00,0.00,1220.41,8217.95,93211
2013-05-19,380012.00,0.00,1256.49,2167.60,81734
2013-05-20,800152.00,0.00,1451.29,7547.39,70558
2013-05-21,400088.00,0.00,1320.81,3430.72,69697
2013-05-22,900079.00,0.00,1497.02,12602.05,69963
2013-05-23,923671.00,0.00,1575.05,15560.45,81162
2013-05-24,700370.00,0.00,1198.29,3249.15,78493
2013-05-25,900062.00,0.00,1116.94,6855.97,79578
2013-05-26,800068.00,0.00,1147.02,6307.32,71121
2013-05-27,900332.00,0.00,1502.40,11825.47,44633
2013-05-28,800366.00,0.00,1403.20,8772.39,60221
2013-05-29,800070.00,0.00,1350.82,8285.68,66707
2013-05-30,870027.00,0.00,1284.74,4682.91,73509
2013-05-31,900106.00,0.00,1234.60,4491.22,90002
2013-06-01,900086.00,0.00,1237.75,10306.69,96641
2013-06-02,911129.00,0.00,1246.50,6219.40,78724
2013-06-03,60165.00,0.00,1346.73,1316.88,66947
2013-06-04,800058.00,0.00,1477.51,7973.12,70131
2013-06-05,900048.00,0.00,1305.53,6327.78,71164
2013-06-06,900326.00,0.00,1277.49,5024.16,79628
2013-06-07,800404.00,0.00,1235.08,3841.98,88888
2013-06-08,971010.00,0.00,1120.18,4339.10,96595
2013-06-09,450012.00,0.00,1258.92,2060.85,80348
2013-06-10,550014.00,0.00,1340.62,5886.87,69749
2013-06-11,970040.00,0.00,1289.06,5393.17,73062
2013-06-12,950023.00,0.00,1521.34,11281.45,74508
2013-06-13,900529.00,0.00,1412.46,8033.30,80010
2013-06-14,900114.00,0.00,1300.70,7754.66,89935
2013-06-15,700048.00,0.00,1106.77,3221.83,93621
2013-06-16,800508.00,0.00,1275.95,3867.49,75381
2013-06-17,383036.00,0.00,1272.93,1927.12,67317
2013-06-18,99999.00,0.00,1211.97,1267.39,68504
2013-06-19,830040.00,0.00,1385.97,6127.99,71553
2013-06-20,870019.00,0.00,1341.97,6866.83,75429
2013-06-21,900100.00,0.00,1362.91,9364.56,89722
2013-06-22,900058.00,0.00,1289.04,11502.26,92161
2013-06-23,900306.00,0.00,1345.38,7846.86,80302
2013-06-24,99999.00,0.00,1291.21,1285.60,70140
2013-06-25,901092.00,0.00,1332.68,7985.75,72888
2013-06-26,700048.00,0.00,1246.25,3819.42,69305
2013-06-27,900318.00,0.00,1317.65,6520.41,76324
2013-06-28,900062.00,0.00,1236.13,6308.37,95828
2013-06-29,200785.00,0.00,1074.11,1283.91,93767
2013-06-30,900184.00,0.00,1438.49,13872.12,77836
2013-07-01,900095.00,0.00,1298.84,8509.59,57290
2013-07-02,540013.00,0.00,1160.52,5034.27,56979
2013-07-03,700070.00,0.00,1204.70,6355.87,65783
2013-07-04,800110.00,0.00,1195.41,9192.17,65732
2013-07-05,900178.00,0.00,1169.31,8915.41,70850
2013-07-06,800048.00,0.00,1126.51,6149.64,75749
2013-07-07,900142.00,0.00,1364.18,8403.31,62269
2013-07-08,900076.00,0.00,1322.78,5180.74,60808
2013-07-09,900184.00,0.00,1344.79,9795.00,64471
2013-07-10,900071.00,0.00,1367.72,9411.61,69461
2013-07-11,851264.00,0.00,1272.89,3279.69,77690
2013-07-12,900432.00,0.00,1265.52,7705.32,88913
2013-07-13,900056.00,0.00,1166.91,6797.72,99428
2013-07-14,900092.00,0.00,1258.43,4481.41,80448
2013-07-15,800050.00,0.00,1308.07,4727.97,68051
2013-07-16,722981.00,0.00,1264.42,5074.98,71020
2013-07-17,716081.00,0.00,1260.93,4293.80,74926
2013-07-18,900320.00,0.00,1259.94,6022.09,82110
2013-07-19,780018.00,0.00,1171.17,3637.66,98868
2013-07-20,940039.00,0.00,1132.95,4571.05,102619
2013-07-21,900220.00,0.00,1347.04,9481.73,83423
2013-07-22,900054.00,0.00,1318.39,4335.25,70475
2013-07-23,800194.00,0.00,1245.55,3532.39,67817
2013-07-24,800056.00,0.00,1280.22,5315.59,67681
2013-07-25,900174.00,0.00,1377.85,9820.55,74711
2013-07-26,900116.00,0.00,1344.50,11317.37,86176
2013-07-27,900140.00,0.00,1153.17,8782.81,89901
2013-07-28,900058.00,0.00,1216.76,4280.68,72650
2013-07-29,80025.00,0.00,1311.68,1321.32,59311
2013-07-30,420012.00,0.00,1207.07,1995.53,65010
2013-07-31,900371.00,0.00,1261.98,6639.33,71824
2013-08-01,900152.00,0.00,1280.89,4364.73,78441
2013-08-02,800072.00,0.00,1213.74,6107.58,97599
2013-08-03,800174.00,0.00,1144.45,6277.87,96927
2013-08-04,520014.00,0.00,1250.92,4106.21,82177
2013-08-05,900090.00,0.00,1346.59,5213.11,65062
2013-08-06,77556.00,0.00,1192.77,1199.55,60683
2013-08-07,73227.00,0.00,1187.82,1151.21,69544
2013-08-08,600320.00,0.00,1232.17,2934.57,71822
2013-08-09,900328.00,0.00,1211.68,6352.08,87002
2013-08-10,700132.00,0.00,1106.64,3896.90,92705
2013-08-11,32725.00,0.00,1202.93,1018.25,75029
2013-08-12,37744.00,0.00,1260.02,1140.57,62773
2013-08-13,102304.00,0.00,1220.05,1249.15,65086
2013-08-14,900094.00,0.00,1315.04,7752.34,72677
2013-08-15,400200.00,0.00,1229.65,2474.54,78386
2013-08-16,900068.00,0.00,1242.74,7440.66,92005
2013-08-17,700110.00,0.00,1057.60,2369.26,98291
2013-08-18,900052.00,0.00,1260.98,5120.31,75236
2013-08-19,900448.00,0.00,1447.12,10334.76,59522
2013-08-20,900071.00,0.00,1351.97,9732.58,66467
2013-08-21,900071.00,0.00,1380.77,10962.89,74054
2013-08-22,900106.00,0.00,1255.63,6403.56,81607
2013-08-23,72500.00,0.00,1173.72,1077.16,87901
2013-08-24,990021.00,0.00,1116.08,6490.79,90279
2013-08-25,68513.00,0.00,1211.70,1081.93,72762
2013-08-26,900062.00,0.00,1316.26,6042.27,60080
2013-08-27,80000.00,0.00,1176.61,1124.42,66467
2013-08-28,500162.00,0.00,1208.81,3155.05,67709
2013-08-29,400000.00,0.00,1218.08,2756.83,74931
2013-08-30,40750.00,0.00,1134.93,993.76,87441
2013-08-31,510014.00,0.00,1103.17,3270.37,88725
2013-09-01,900048.00,0.00,1143.87,7403.47,83465
2013-09-02,700086.00,0.00,1331.19,5466.69,50381
2013-09-03,57705.00,0.00,1290.67,1221.65,54143
2013-09-04,400446.00,0.00,1184.36,2884.48,58951
2013-09-05,104885.00,0.00,1197.78,1284.10,63768
2013-09-06,900102.00,0.00,1159.82,3521.36,82429
2013-09-07,900071.00,0.00,1138.96,7134.32,89950
2013-09-08,900134.00,0.00,1354.25,8636.49,76934
2013-09-09,310010.00,0.00,1321.77,2060.56,68786
2013-09-10,570015.00,0.00,1239.61,3013.18,72243
2013-09-11,790018.00,0.00,1298.48,5641.67,73764
2013-09-12,40244.00,0.00,1254.16,1130.90,79996
2013-09-13,380500.00,0.00,1223.23,2360.46,91846
2013-09-14,99999.00,0.00,1049.92,913.12,96624
2013-09-15,120515.00,0.00,1206.87,1198.08,83720
2013-09-16,810037.00,0.00,1418.39,7010.06,65849
2013-09-17,99999.00,0.00,1233.73,1264.41,68065
2013-09-18,162031.00,0.00,1233.45,1312.12,79556
2013-09-19,400042.00,0.00,1250.62,1957.54,82706
2013-09-20,131358.00,0.00,1209.89,1234.98,96427
2013-09-21,165661.00,0.00,1086.89,1020.36,97990
2013-09-22,60707.00,0.00,1285.63,1172.91,78437
2013-09-23,800306.00,0.00,1450.60,7580.81,66539
2013-09-24,49900.00,0.00,1250.78,1134.28,70312
2013-09-25,800610.00,0.00,1286.24,4453.04,76293
2013-09-26,690016.00,0.00,1329.35,4518.12,81607
2013-09-27,600180.00,0.00,1245.76,2410.89,90593
2013-09-28,900102.00,0.00,1124.34,6107.94,91208
2013-09-29,60256.00,0.00,1262.35,1150.27,79017
2013-09-30,900300.00,0.00,1485.55,10022.95,67346
2013-10-01,800236.00,0.00,1238.23,3763.25,71447
2013-10-02,700128.00,0.00,1366.60,6170.65,75174
2013-10-03,900094.00,0.00,1238.97,3464.20,83212
2013-10-04,85242.00,0.00,1200.68,1085.01,90811
2013-10-05,650000.00,0.00,1102.81,3941.93,95665
2013-10-06,100086.00,0.00,1262.27,1237.71,81684
2013-10-07,99999.00,0.00,1298.25,1371.27,68389
2013-10-08,900068.00,0.00,1292.05,6209.10,71466
2013-10-09,900090.00,0.00,1366.41,6871.81,75417
2013-10-10,790040.00,0.00,1326.40,4555.14,83655
2013-10-11,900082.00,0.00,1315.67,6308.89,95048
2013-10-12,99999.00,0.00,1082.62,1020.48,94097
2013-10-13,900132.00,0.00,1224.27,5621.08,81992
2013-10-14,600092.00,0.00,1368.96,2763.32,64052
2013-10-15,900060.00,0.00,1376.67,8737.43,70720
2013-10-16,60305.00,0.00,1293.18,1197.73,72871
2013-10-17,800052.00,0.00,1330.30,7994.10,86960
2013-10-18,900116.00,0.00,1337.42,9264.46,100353
2013-10-19,400062.00,0.00,1064.42,1692.09,98171
2013-10-20,147074.00,0.00,1268.64,1310.87,76429
2013-10-21,416383.00,0.00,1339.87,2105.32,69841
2013-10-22,927791.00,0.00,1256.98,5221.30,74406
2013-10-23,760035.00,0.00,1286.72,4911.36,80451
2013-10-24,900092.00,0.00,1383.63,9002.57,87424
2013-10-25,900084.00,0.00,1254.50,5902.82,97938
2013-10-26,810019.00,0.00,1099.66,4941.08,98241
2013-10-27,800072.00,0.00,1245.77,4134.08,81976
2013-10-28,700150.00,0.00,1332.70,3883.27,64324
2013-10-29,600122.00,0.00,1226.32,3789.04,68601
2013-10-30,666666.00,0.00,1214.91,2742.92,73488
2013-10-31,99999.00,0.00,1140.16,1182.59,81288
2013-11-01,290008.00,0.00,1074.23,1340.73,103824
2013-11-02,667425.00,0.00,1088.89,6311.60,95845
2013-11-03,90000.00,0.00,1223.41,1241.28,77355
2013-11-04,900292.00,0.00,1393.60,6690.53,66446
2013-11-05,950046.00,0.00,1262.51,4950.29,75788
2013-11-06,900052.00,0.00,1287.87,7186.22,85680
2013-11-07,300344.00,0.00,1232.74,1968.23,87010
2013-11-08,950021.00,0.00,1246.19,5953.61,96912
2013-11-09,63999.00,0.00,1041.53,826.68,97345
2013-11-10,400130.00,0.00,1175.42,1733.31,82052
2013-11-11,99999.00,0.00,1248.40,1395.88,68748
2013-11-12,800082.00,0.00,1279.14,6573.86,74602
2013-11-13,444111.00,0.00,1234.12,2088.49,81145
2013-11-14,256825.00,0.00,1214.21,1395.66,84184
2013-11-15,200000.00,0.00,1149.95,1158.59,99277
2013-11-16,303030.00,0.00,1053.58,1378.39,104227
2013-11-17,970023.00,0.00,1224.44,4431.81,82409
2013-11-18,600354.00,0.00,1325.01,2528.86,75185
2013-11-19,900094.00,0.00,1249.85,5767.16,75576
2013-11-20,940027.00,0.00,1251.34,5581.21,82502
2013-11-21,400012.00,0.00,1261.86,3288.32,84733
2013-11-22,900124.00,0.00,1175.66,5057.19,98486
2013-11-23,514180.00,0.00,1035.21,2924.91,96695
2013-11-24,600064.00,0.00,1138.85,4493.01,70793
2013-11-25,900166.00,0.00,1176.22,7476.65,64633
2013-11-26,800132.00,0.00,1162.53,5037.01,66721
2013-11-27,842215.00,0.00,1214.29,7772.56,71251
2013-11-28,88999.00,0.00,1139.57,1101.74,44944
2013-11-29,900082.00,0.00,1205.32,8392.16,54747
2013-11-30,900184.00,0.00,1263.96,8368.96,74107
2013-12-01,38345.00,0.00,1294.85,1143.11,66230
2013-12-02,960060.00,0.00,1361.72,8166.72,79212
2013-12-03,700064.00,0.00,1227.95,4305.91,80784
2013-12-04,700404.00,0.00,1253.79,4864.17,81456
2013-12-05,900137.00,0.00,1328.78,8160.35,94959
2013-12-06,77354.00,0.00,1108.01,1012.14,113662
2013-12-07,50004.00,0.00,1003.60,800.34,111696
2013-12-08,879856.00,0.00,1134.50,3234.17,81741
2013-12-09,99999.00,0.00,1236.76,1353.13,81897
2013-12-10,400056.00,0.00,1178.19,2005.68,83430
2013-12-11,200376.00,0.00,1143.41,1401.43,86336
2013-12-12,800058.00,0.00,1181.91,4779.73,97115
2013-12-13,91501.00,0.00,1118.26,1015.80,111330
2013-12-14,666745.00,0.00,1039.83,3564.13,109783
2013-12-15,666666.00,0.00,1129.15,2587.14,82020
2013-12-16,900537.00,0.00,1271.67,8885.35,77037
2013-12-17,800136.00,0.00,1155.37,5464.75,79911
2013-12-18,900142.00,0.00,1215.90,7447.81,85561
2013-12-19,800080.00,0.00,1179.63,6284.15,91589
2013-12-20,530019.00,0.00,1098.20,2633.59,103965
2013-12-21,666666.00,0.00,1050.17,2845.40,92347
2013-12-22,99999.00,0.00,1077.73,1175.43,65710
2013-12-23,900056.00,0.00,1198.66,10100.44,68035
2013-12-24,360011.00,0.00,1122.87,3544.14,42297
2013-12-25,99999.00,0.00,1295.01,1381.48,18296
2013-12-26,400070.00,0.00,1133.22,2333.81,41022
2013-12-27,972585.00,0.00,1195.82,9788.97,62051
2013-12-28,900106.00,0.00,1167.57,7750.37,71090
2013-12-29,900104.00,0.00,1179.30,6905.50,70994
2013-12-30,520016.00,0.00,1075.29,2352.08,70278
2013-12-31,242445.00,0.00,989.74,1152.68,93093
2014-01-01,600000.00,0.00,1103.58,2364.02,76388
2014-01-02,510032.00,0.00,1197.06,4776.95,55209
2014-01-03,900182.00,0.00,1217.72,10689.95,72355
2014-01-04,900056.00,0.00,1214.92,9861.33,68768
2014-01-05,300010.00,0.00,1163.66,1865.46,51619
2014-01-06,877777.00,0.00,1519.56,10709.30,49524
2014-01-07,590016.00,0.00,1238.68,4339.70,59377
2014-01-08,300264.00,0.00,1179.04,1688.98,70307
2014-01-09,200098.00,0.00,1142.93,1392.54,76979
2014-01-10,100001.00,0.00,1091.57,1096.93,88005
2014-01-11,83556.00,0.00,1026.05,977.03,84168
2014-01-12,99999.00,0.00,1181.68,1104.40,68066
2014-01-13,66666.00,0.00,1245.60,1320.02,62668
2014-01-14,99999.00,0.00,1112.12,1153.74,68832
2014-01-15,44980.00,0.00,1104.18,1008.91,74096
2014-01-16,99999.00,0.00,1141.17,1156.29,79930
2014-01-17,242623.00,0.00,1088.42,1370.83,95983
2014-01-18,300080.00,0.00,1009.07,1762.76,92674
2014-01-19,110370.00,0.00,1065.86,971.11,75963
2014-01-20,900136.00,0.00,1309.26,7837.47,56739
2014-01-21,900068.00,0.00,1221.68,7893.31,67994
2014-01-22,77341.00,0.00,1087.46,1142.88,74808
2014-01-23,900054.00,0.00,1258.54,9726.36,84396
2014-01-24,446666.00,0.00,1053.66,1714.71,96680
2014-01-25,888888.00,0.00,1027.00,4432.62,93863
2014-01-26,54416.00,0.00,1131.31,989.29,68568
2014-01-27,882912.00,0.00,1232.23,6493.05,64337
2014-01-28,900062.00,0.00,1132.09,5426.75,65867
2014-01-29,520014.00,0.00,1138.69,3167.81,73801
2014-01-30,900056.00,0.00,1152.37,5180.63,77432
2014-01-31,790038.00,0.00,1143.11,4316.90,92179
2014-02-01,150001.00,0.00,985.98,987.71,84713
2014-02-02,900178.00,0.00,1270.00,10469.60,70663
2014-02-03,900336.00,0.00,1309.58,8179.56,68563
2014-02-04,800080.00,0.00,1144.70,4821.57,69812
2014-02-05,700066.00,0.00,1180.42,5975.11,69679
2014-02-06,928971.00,0.00,1178.30,5875.43,88224
2014-02-07,900087.00,0.00,1147.35,5020.48,101344
2014-02-08,504239.00,0.00,1014.67,1969.74,95473
2014-02-09,880021.00,0.00,1182.79,3948.14,70341
2014-02-10,500354.00,0.00,1205.18,3458.30,71416
2014-02-11,666564.00,0.00,1126.14,2692.39,74955
2014-02-12,80000.00,0.00,1138.79,1149.95,76463
2014-02-13,900056.00,0.00,1175.73,6131.59,83117
2014-02-14,900090.00,0.00,1173.03,6122.70,103129
2014-02-15,730035.00,0.00,1087.24,5600.89,102311
2014-02-16,982504.00,0.00,1137.79,4517.37,79792
2014-02-17,650038.00,0.00,1278.25,5653.42,55573
2014-02-18,900362.00,0.00,1447.65,11409.44,70969
2014-02-19,800384.00,0.00,1266.66,6452.82,75921
2014-02-20,800052.00,0.00,1117.86,2992.60,91702
2014-02-21,800046.00,0.00,1145.28,3289.87,105706
2014-02-22,36015.00,0.00,1049.34,848.78,100849
2014-02-23,78999.00,0.00,1192.55,1098.98,75912
2014-02-24,700204.00,0.00,1248.06,4297.08,69161
2014-02-25,560020.00,0.00,1145.06,2798.59,74817
2014-02-26,982504.00,0.00,1250.40,8659.92,82936
2014-02-27,542504.00,0.00,1133.70,2170.78,90649
2014-02-28,900400.00,0.00,1203.68,7736.37,101473
2014-03-01,140103.00,0.00,1040.42,948.37,101036
2014-03-02,700048.00,0.00,1219.51,3383.66,78271
2014-03-03,430033.00,0.00,1213.15,2389.49,73421
2014-03-04,314883.00,0.00,1161.07,1882.81,77257
2014-03-05,99725.00,0.00,1155.00,1180.00,79855
2014-03-06,800080.00,0.00,1231.68,5677.45,86071
2014-03-07,99999.00,0.00,1155.55,1114.75,93965
2014-03-08,320010.00,0.00,1050.83,1681.30,99595
2014-03-09,900098.00,0.00,1433.25,11651.97,74449
2014-03-10,200116.00,0.00,1288.84,1509.07,68953
2014-03-11,800112.00,0.00,1226.60,5004.78,76179
2014-03-12,900274.00,0.00,1163.19,3736.03,83905
2014-03-13,60208.00,0.00,1223.77,1109.69,94154
2014-03-14,440012.00,0.00,1197.78,1914.37,109959
2014-03-15,900102.00,0.00,1122.90,5067.68,150797
2014-03-16,880039.00,0.00,1313.58,7165.00,93701
2014-03-17,700364.00,0.00,1272.93,2732.95,84767
2014-03-18,800080.00,0.00,1281.37,3473.84,81334
2014-03-19,130005.00,0.00,1212.73,1238.77,86133
2014-03-20,900064.00,0.00,1259.69,6081.77,91192
2014-03-21,800665.00,0.00,1159.30,2977.02,102682
2014-03-22,700106.00,0.00,1061.02,2470.68,102193
2014-03-23,990041.00,0.00,1255.87,6480.91,87367
2014-03-24,920039.00,0.00,1351.97,6301.45,76892
2014-03-25,400102.00,0.00,1182.12,1784.75,79264
2014-03-26,800202.00,0.00,1251.01,5329.18,82467
2014-03-27,200007.00,0.00,1208.18,1366.06,91475
2014-03-28,900056.00,0.00,1168.07,3724.16,103547
2014-03-29,840465.00,0.00,1077.92,2810.99,101788
2014-03-30,500114.00,0.00,1291.61,3806.43,84634
2014-03-31,43005.00,0.00,1307.12,1172.82,72751
2014-04-01,90000.00,0.00,1198.48,1180.96,79601
2014-04-02,700092.00,0.00,1269.14,3562.18,81162
2014-04-03,800110.00,0.00,1211.71,5122.45,96449
2014-04-04,900052.00,0.00,1186.94,4859.43,114655
2014-04-05,120006.00,0.00,1073.18,1130.37,109188
2014-04-06,80000.00,0.00,1241.45,1150.17,87812
2014-04-07,800712.00,0.00,1331.66,3979.01,75423
2014-04-08,230010.00,0.00,1237.00,1551.78,80754
2014-04-09,48000.00,0.00,1253.93,1158.93,87607
2014-04-10,800068.00,0.00,1281.87,3119.45,91101
2014-04-11,156180.00,0.00,1215.59,1295.21,98972
2014-04-12,324442.00,0.00,1090.31,1410.74,98687
2014-04-13,846666.00,0.00,1245.09,3557.10,82115
2014-04-14,990042.00,0.00,1349.25,7292.60,79294
2014-04-15,800204.00,0.00,1203.15,5355.71,83595
2014-04-16,910044.00,0.00,1227.32,5226.96,86021
2014-04-17,600358.00,0.00,1264.89,2688.33,89814
2014-04-18,900184.00,0.00,1230.22,8608.08,97573
2014-04-19,900068.00,0.00,1137.64,7813.96,88123
2014-04-20,461614.00,0.00,1264.33,2868.06,63024
2014-04-21,700224.00,0.00,1337.69,2954.46,69232
2014-04-22,800056.00,0.00,1281.55,5739.81,78883
2014-04-23,960050.00,0.00,1279.61,6775.76,89973
2014-04-24,900174.00,0.00,1316.03,6858.03,96508
2014-04-25,690039.00,0.00,1245.87,4438.90,105023
2014-04-26,930020.00,0.00,1082.80,2913.59,111709
2014-04-27,55554.00,0.00,1258.25,1098.63,87081
2014-04-28,800462.00,0.00,1295.87,3108.15,79492
2014-04-29,800474.00,0.00,1269.11,4805.08,77777
2014-04-30,490016.00,0.00,1288.59,2967.75,86585
2014-05-01,640017.00,0.00,1262.13,3288.07,93957
2014-05-02,972465.00,0.00,1355.68,10925.68,108482
2014-05-03,400236.00,0.00,1103.25,1583.10,111336
2014-05-04,900286.00,0.00,1300.20,5944.36,89895
2014-05-05,800350.00,0.00,1393.13,7832.68,84704
2014-05-06,900154.00,0.00,1369.12,6218.73,83996
2014-05-07,99999.00,0.00,1290.93,1346.20,82394
2014-05-08,700340.00,0.00,1272.18,2623.26,88781
2014-05-09,900092.00,0.00,1287.09,6889.97,104995
2014-05-10,300082.00,0.00,1096.71,1302.07,98647
2014-05-11,115245.00,0.00,1229.40,1130.28,75512
2014-05-12,900112.00,0.00,1469.07,8406.67,74774
2014-05-13,800934.00,0.00,1318.56,5408.47,83682
2014-05-14,80004.00,0.00,1314.55,1299.69,91879
2014-05-15,900176.00,0.00,1302.48,6129.55,102100
2014-05-16,799385.00,0.00,1243.89,4337.14,120392
2014-05-17,900054.00,0.00,1165.51,3992.33,116418
2014-05-18,900182.00,0.00,1414.74,10621.32,103126
2014-05-19,222222.00,0.00,1377.23,1526.18,88878
2014-05-20,204005.00,0.00,1348.13,1721.83,90891
2014-05-21,300038.00,0.00,1341.37,1595.10,91637
2014-05-22,41656.00,0.00,1290.72,1160.58,91307
2014-05-23,300106.00,0.00,1220.42,1545.34,96342
2014-05-24,800050.00,0.00,1083.42,2929.92,97114
2014-05-25,55554.00,0.00,1077.20,858.01,90451
2014-05-26,84025.00,0.00,1307.16,1215.35,61281
2014-05-27,74121.00,0.00,1285.89,1223.60,73961
2014-05-28,428054.00,0.00,1258.08,2168.37,80073
2014-05-29,33333.00,0.00,1289.98,1164.82,87397
2014-05-30,900082.00,0.00,1292.86,7559.53,108027
2014-05-31,900124.00,0.00,1113.30,4014.79,111203
2014-06-01,99999.00,0.00,1193.32,1047.84,96233
2014-06-02,880039.00,0.00,1352.01,3411.87,82609
2014-06-03,100032.00,0.00,1398.44,1362.98,81596
2014-06-04,290092.00,0.00,1226.24,1856.60,90116
2014-06-05,77777.00,0.00,1256.19,1232.38,89144
2014-06-06,970045.00,0.00,1258.62,5122.73,102971
2014-06-07,63750.00,0.00,1111.99,906.37,110265
2014-06-08,500042.00,0.00,1237.49,2183.93,95520
2014-06-09,800394.00,0.00,1371.16,6839.86,84993
2014-06-10,69617.00,0.00,1228.48,1239.84,102209
2014-06-11,95501.00,0.00,1306.28,1269.48,95542
2014-06-12,70230.00,0.00,1297.08,1162.92,95318
2014-06-13,710036.00,0.00,1274.93,3909.46,103850
2014-06-14,900120.00,0.00,1293.22,11705.52,109928
2014-06-15,900408.00,0.00,1450.03,11732.49,81069
2014-06-16,111111.00,0.00,1325.40,1334.25,77685
2014-06-17,800644.00,0.00,1330.05,7730.41,80074
2014-06-18,303030.00,0.00,1221.42,1583.14,91704
2014-06-19,700656.00,0.00,1334.31,3331.01,97546
2014-06-20,750038.00,0.00,1345.99,5136.65,108698
2014-06-21,630017.00,0.00,1137.69,2964.86,107107
2014-06-22,234432.00,0.00,1268.66,1349.17,89318
2014-06-23,900366.00,0.00,1405.37,7307.83,77077
2014-06-24,87777.00,0.00,1293.11,1222.71,82891
2014-06-25,910042.00,0.00,1356.36,5676.30,88843
2014-06-26,99999.00,0.00,1270.79,1166.51,98263
2014-06-27,306800.00,0.00,1227.17,1396.71,107335
2014-06-28,99999.00,0.00,1101.75,906.10,109010
2014-06-29,971751.00,0.00,1247.86,3456.25,87470
2014-06-30,570072.00,0.00,1169.85,2352.16,72637
2014-07-01,133002.00,0.00,1165.90,1437.72,71312
2014-07-02,90004.00,0.00,1112.78,1084.31,76661
2014-07-03,540032.00,0.00,1191.18,3167.76,74502
2014-07-04,99999.00,0.00,1072.29,979.49,82136
2014-07-05,65535.00,0.00,1048.17,965.84,82480
2014-07-06,99999.00,0.00,1260.57,1269.84,65392
2014-07-07,860037.00,0.00,1422.84,6974.02,63674
2014-07-08,700230.00,0.00,1221.87,2884.44,68404
2014-07-09,74000.00,0.00,1219.12,1117.28,77209
2014-07-10,94733.00,0.00,1236.32,1155.47,86039
2014-07-11,114499.00,0.00,1196.03,1103.45,103145
2014-07-12,202020.00,0.00,1066.32,1087.11,107075
2014-07-13,387045.00,0.00,1235.92,1740.61,86120
2014-07-14,77337.00,0.00,1331.20,1237.32,72356
2014-07-15,719481.00,0.00,1251.49,2918.65,76150
2014-07-16,500066.00,0.00,1272.01,2374.31,82592
2014-07-17,740019.00,0.00,1313.77,5348.30,88910
2014-07-18,800216.00,0.00,1225.01,2711.49,104319
2014-07-19,900116.00,0.00,1178.68,6962.23,110954
2014-07-20,583171.00,0.00,1278.22,2261.97,89406
2014-07-21,129002.00,0.00,1336.69,1320.76,73928
2014-07-22,700086.00,0.00,1260.05,3954.59,78126
2014-07-23,96320.00,0.00,1258.05,1199.48,82018
2014-07-24,443211.00,0.00,1287.10,1902.65,91204
2014-07-25,300040.00,0.00,1226.86,2148.38,105638
2014-07-26,20500.00,0.00,1113.58,841.18,107213
2014-07-27,66525.00,0.00,1263.77,1079.84,89469
2014-07-28,550015.00,0.00,1378.15,2628.15,73762
2014-07-29,91506.00,0.00,1237.07,1228.31,78721
2014-07-30,762831.00,0.00,1302.09,3688.72,83927
2014-07-31,80583.00,0.00,1317.58,1212.76,91990
2014-08-01,99999.00,0.00,1193.44,1066.99,102413
2014-08-02,500089.00,0.00,1096.92,1813.21,101966
2014-08-03,900052.00,0.00,1219.08,5297.66,93119
2014-08-04,59000.00,0.00,1291.73,1294.50,77507
2014-08-05,99999.00,0.00,1249.40,1431.43,72517
2014-08-06,55000.00,0.00,1259.94,1146.87,76367
2014-08-07,44777.00,0.00,1250.68,1141.30,84374
2014-08-08,900074.00,0.00,1211.54,3745.39,100484
2014-08-09,56890.00,0.00,1108.10,887.50,101665
2014-08-10,99999.00,0.00,1273.57,1215.55,81173
2014-08-11,900505.00,0.00,1353.81,4668.01,72600
2014-08-12,700086.00,0.00,1240.95,2804.52,74987
2014-08-13,90000.00,0.00,1259.56,1178.24,79311
2014-08-14,75605.00,0.00,1262.40,1144.03,88898
2014-08-15,921159.00,0.00,1224.97,3155.69,96613
2014-08-16,992939.00,0.00,1127.33,5055.29,100387
2014-08-17,500042.00,0.00,1283.11,2770.47,78595
2014-08-18,99999.00,0.00,1347.93,1299.39,66534
2014-08-19,90000.00,0.00,1219.78,1281.74,77874
2014-08-20,99999.00,0.00,1259.37,1258.57,81169
2014-08-21,37058.00,0.00,1244.33,1113.54,90089
2014-08-22,900166.00,0.00,1264.14,6239.38,101385
2014-08-23,900408.00,0.00,1151.29,5867.18,99939
2014-08-24,58604.00,0.00,1269.79,1090.22,81388
2014-08-25,88885.00,0.00,1279.60,1291.82,68708
2014-08-26,90900.00,0.00,1264.22,1360.52,69455
2014-08-27,47707.00,0.00,1209.77,1105.43,71988
2014-08-28,700060.00,0.00,1253.42,3620.63,78352
2014-08-29,290819.00,0.00,1186.71,1512.48,89788
2014-08-30,300046.00,0.00,1072.83,1449.04,92783
2014-08-31,920020.00,0.00,1133.04,5537.81,89679
2014-09-01,99999.00,0.00,1330.66,1246.11,55954
2014-09-02,750018.00,0.00,1363.74,3605.06,60227
2014-09-03,99999.00,0.00,1210.96,1189.15,68039
2014-09-04,130006.00,0.00,1203.90,1283.43,79640
2014-09-05,200036.00,0.00,1174.73,1247.90,95019
2014-09-06,66999.00,0.00,1142.68,963.05,93685
2014-09-07,53651.00,0.00,1296.37,1098.21,82807
2014-09-08,135511.00,0.00,1362.50,1408.05,71687
2014-09-09,900179.00,0.00,1417.44,10419.01,78290
2014-09-10,800134.00,0.00,1374.46,7132.07,88771
2014-09-11,90000.00,0.00,1269.44,1186.07,91104
2014-09-12,900187.00,0.00,1267.18,6078.51,106811
2014-09-13,900082.00,0.00,1254.77,8346.80,100995
2014-09-14,860020.00,0.00,1383.80,7125.00,82453
2014-09-15,353030.00,0.00,1365.07,1873.90,72214
2014-09-16,900110.00,0.00,1489.51,11670.01,74440
2014-09-17,99999.00,0.00,1341.32,1374.22,82094
2014-09-18,81503.00,0.00,1288.09,1260.02,89668
2014-09-19,99999.00,0.00,1267.52,1197.86,102191
2014-09-20,900114.00,0.00,1141.74,5545.99,99006
2014-09-21,55454.00,0.00,1280.14,1115.49,81017
2014-09-22,900170.00,0.00,1370.78,4796.23,74606
2014-09-23,700058.00,0.00,1322.20,4877.86,75740
2014-09-24,84933.00,0.00,1307.03,1289.70,76559
2014-09-25,40500.00,0.00,1254.58,1123.00,78460
2014-09-26,88888.00,0.00,1158.68,1204.96,90226
2014-09-27,99999.00,0.00,1162.92,1043.26,97243
2014-09-28,830037.00,0.00,1363.81,7161.89,83843
2014-09-29,666665.00,0.00,1357.97,3305.67,74821
2014-09-30,800118.00,0.00,1275.90,4443.59,79918
2014-10-01,900087.00,0.00,1400.95,8861.46,80733
2014-10-02,900078.00,0.00,1253.13,5673.71,87119
2014-10-03,900124.00,0.00,1310.57,8323.64,98599
2014-10-04,700074.00,0.00,1099.00,5048.23,89822
2014-10-05,900078.00,0.00,1414.38,9464.37,71928
2014-10-06,900104.00,0.00,1484.45,9673.25,70233
2014-10-07,990041.00,0.00,1351.41,7697.75,74404
2014-10-08,679040.00,0.00,1298.01,2724.50,79841
2014-10-09,700380.00,0.00,1279.94,2688.61,86531
2014-10-10,900436.00,0.00,1287.54,3077.35,99287
2014-10-11,800114.00,0.00,1176.86,5498.64,93246
2014-10-12,900348.00,0.00,1288.90,7241.48,80926
2014-10-13,900171.00,0.00,1622.56,12246.94,73227
2014-10-14,50000.00,0.00,1243.89,1141.43,83638
2014-10-15,900274.00,0.00,1507.56,14512.65,85257
2014-10-16,900214.00,0.00,1354.08,7081.21,91037
2014-10-17,800370.00,0.00,1285.35,4744.38,106073
2014-10-18,810024.00,0.00,1184.36,6931.44,108809
2014-10-19,900362.00,0.00,1424.05,11215.32,92231
2014-10-20,200036.00,0.00,1383.82,1573.83,76643
2014-10-21,320032.00,0.00,1317.65,1696.34,78626
2014-10-22,50000.00,0.00,1294.86,1215.82,79800
2014-10-23,800300.00,0.00,1289.12,4239.79,84908
2014-10-24,120006.00,0.00,1256.13,1281.66,92040
2014-10-25,130006.00,0.00,1113.82,1035.66,88456
2014-10-26,900052.00,0.00,1339.96,4783.96,77010
2014-10-27,99999.00,0.00,1357.91,1407.19,70927
2014-10-28,700054.00,0.00,1226.41,2804.76,79073
2014-10-29,300096.00,0.00,1253.12,1650.24,82736
2014-10-30,880022.00,0.00,1289.64,3238.23,85696
2014-10-31,800146.00,0.00,1178.92,2720.52,103886
2014-11-01,400118.00,0.00,1115.84,1482.19,115524
2014-11-02,144411.00,0.00,1286.68,1298.75,83141
2014-11-03,99900.00,0.00,1339.48,1258.41,75655
2014-11-04,250009.00,0.00,1261.06,1593.57,81496
2014-11-05,96325.00,0.00,1341.53,1237.49,84515
2014-11-06,99999.00,0.00,1260.08,1278.42,94261
2014-11-07,900000.00,0.00,1243.04,3426.44,100042
2014-11-08,800140.00,0.00,1094.39,2780.02,95636
2014-11-09,700011.00,0.00,1290.72,3344.44,76844
2014-11-10,200250.00,0.00,1338.43,1592.49,68913
2014-11-11,50080.00,0.00,1249.64,1160.67,74550
2014-11-12,704781.00,0.00,1260.29,3782.59,85205
2014-11-13,62510.00,0.00,1223.60,1170.75,92005
2014-11-14,600056.00,0.00,1258.37,2664.95,103554
2014-11-15,769800.00,0.00,1117.04,3519.01,100374
2014-11-16,300072.00,0.00,1240.98,1515.45,84732
2014-11-17,735039.00,0.00,1293.97,2815.28,89204
2014-11-18,667185.00,0.00,1339.21,7364.79,88445
2014-11-19,400106.00,0.00,1283.17,2141.88,86546
2014-11-20,300144.00,0.00,1209.48,1552.73,93868
2014-11-21,700052.00,0.00,1177.21,2612.14,100436
2014-11-22,99999.00,0.00,1072.21,980.03,85951
2014-11-23,100078.00,0.00,1136.48,1144.04,74805
2014-11-24,900086.00,0.00,1141.95,6173.88,72637
2014-11-25,400102.00,0.00,1143.44,1914.80,72337
2014-11-26,600046.00,0.00,1155.37,2787.21,66264
2014-11-27,700364.00,0.00,1188.87,3696.76,44168
2014-11-28,59285.00,0.00,1096.68,998.11,55121
2014-11-29,102305.00,0.00,1228.58,1124.67,69993
2014-11-30,500414.00,0.00,1357.32,2313.64,65646
2014-12-01,110006.00,0.00,1303.05,1377.54,85513
2014-12-02,179402.00,0.00,1191.12,1619.88,89264
2014-12-03,800052.00,0.00,1254.98,4404.45,92890
2014-12-04,340011.00,0.00,1286.94,1732.11,99870
2014-12-05,800106.00,0.00,1197.58,3551.89,108827
2014-12-06,700306.00,0.00,1063.70,2436.94,103094
2014-12-07,851481.00,0.00,1206.23,3269.24,76748
2014-12-08,666666.00,0.00,1250.80,2903.66,74525
2014-12-09,799385.00,0.00,1175.84,3083.82,78907
2014-12-10,660019.00,0.00,1198.32,2891.69,83217
2014-12-11,99999.00,0.00,1203.03,1287.86,94663
2014-12-12,93000.00,0.00,1152.31,1244.18,110976
2014-12-13,750018.00,0.00,1082.50,2589.52,102123
2014-12-14,760036.00,0.00,1184.06,2940.35,76777
2014-12-15,430012.00,0.00,1219.21,2087.11,78425
2014-12-16,122222.00,0.00,1163.74,1306.08,81695
2014-12-17,800060.00,0.00,1141.98,2956.06,88265
2014-12-18,240028.00,0.00,1132.10,1314.13,96822
2014-12-19,920039.00,0.00,1108.93,3059.02,104699
2014-12-20,909001.00,0.00,1058.90,3283.54,90702
2014-12-21,55000.00,0.00,1076.77,962.11,71487
2014-12-22,100066.00,0.00,1059.51,1177.00,70660
2014-12-23,530014.00,0.00,1109.32,2372.52,62262
2014-12-24,39745.00,0.00,1099.83,1078.55,40508
2014-12-25,99999.00,0.00,1293.00,1368.79,17744
2014-12-26,800100.00,0.00,1171.40,4442.02,39055
2014-12-27,96525.00,0.00,1117.60,1142.62,55873
2014-12-28,70004.00,0.00,1218.48,1109.20,52727
2014-12-29,160026.00,0.00,1135.09,1266.96,56078
2014-12-30,700052.00,0.00,1106.32,4497.39,66465
2014-12-31,90000.00,0.00,997.24,991.65,84610
2015-01-01,801170.00,0.00,1075.97,3491.76,78147
2015-01-02,357419.00,0.00,1110.54,2154.59,58502
2015-01-03,99999.00,0.00,1112.85,1114.51,60484
2015-01-04,480013.00,0.00,1295.03,2752.59,51746
2015-01-05,300088.00,0.00,1249.17,1824.04,63714
2015-01-06,700056.00,0.00,1252.07,7468.89,67036
2015-01-07,666705.00,0.00,1148.40,4346.92,65488
2015-01-08,700108.00,0.00,1234.95,8502.99,70940
2015-01-09,900037.00,0.00,1235.55,7954.21,87975
2015-01-10,800058.00,0.00,1073.01,3050.34,75999
2015-01-11,68500.00,0.00,1209.25,1218.07,61760
2015-01-12,900495.00,0.00,1288.54,7769.45,70458
2015-01-13,900558.00,0.00,1291.64,10017.06,72671
2015-01-14,900095.00,0.00,1281.31,8904.24,76898
2015-01-15,668645.00,0.00,1213.13,3639.62,78276
2015-01-16,900120.00,0.00,1184.63,4530.92,87526
2015-01-17,700056.00,0.00,1050.01,2679.58,81380
2015-01-18,140006.00,0.00,1104.97,1125.41,68917
2015-01-19,99999.00,0.00,1349.27,1348.48,51671
2015-01-20,666865.00,0.00,1240.43,4131.46,65604
2015-01-21,600050.00,0.00,1225.49,4940.87,67891
2015-01-22,800056.00,0.00,1235.30,5202.95,75846
2015-01-23,500756.00,0.00,1166.27,2545.61,86889
2015-01-24,980040.00,0.00,1098.94,3910.63,79882
2015-01-25,900150.00,0.00,1217.67,4321.30,75432
2015-01-26,45336.00,0.00,1176.28,1071.85,80780
2015-01-27,900334.00,0.00,1234.94,8633.31,78195
2015-01-28,750037.00,0.00,1256.16,3006.18,75432
2015-01-29,900142.00,0.00,1289.37,7437.68,77060
2015-01-30,900078.00,0.00,1266.73,9774.21,90935
2015-01-31,760040.00,0.00,1105.93,5320.90,79987
2015-02-01,88425.00,0.00,1064.66,1028.97,50034
2015-02-02,222222.00,0.00,1268.83,1658.48,63497
2015-02-03,900078.00,0.00,1402.99,9526.43,74327
2015-02-04,900060.00,0.00,1215.76,7059.70,80538
2015-02-05,900216.00,0.00,1238.75,6666.20,87340
2015-02-06,900060.00,0.00,1276.49,9622.48,93219
2015-02-07,900056.00,0.00,1115.63,5895.28,86653
2015-02-08,600106.00,0.00,1222.37,2727.54,65934
2015-02-09,740020.00,0.00,1235.64,4014.79,71644
2015-02-10,800094.00,0.00,1224.96,5883.54,72468
2015-02-11,900078.00,0.00,1272.06,7897.51,76581
2015-02-12,900182.00,0.00,1208.67,5888.27,87661
2015-02-13,800092.00,0.00,1217.51,7243.89,101915
2015-02-14,900278.00,0.00,1088.86,6614.55,105903
2015-02-15,530051.00,0.00,1190.27,4901.32,71028
2015-02-16,600048.00,0.00,1302.57,3193.69,61255
2015-02-17,900202.00,0.00,1253.63,7123.39,73671
2015-02-18,800052.00,0.00,1199.95,5603.52,84783
2015-02-19,900087.00,0.00,1241.51,8516.42,89029
2015-02-20,99999.00,0.00,1125.35,1112.80,100408
2015-02-21,900079.00,0.00,1106.38,6322.64,92801
2015-02-22,400068.00,0.00,1206.73,2084.59,78174
2015-02-23,900148.00,0.00,1535.72,14226.06,78123
2015-02-24,865748.00,0.00,1187.72,4725.23,79517
2015-02-25,300174.00,0.00,1190.61,1499.11,83332
2015-02-26,900108.00,0.00,1208.53,5308.81,92078
2015-02-27,900386.00,0.00,1207.53,6532.27,106846
2015-02-28,900074.00,0.00,1172.10,8171.05,94868
2015-03-01,99999.00,0.00,1250.07,1450.00,69135
2015-03-02,900056.00,0.00,1339.48,5204.30,69398
2015-03-03,700406.00,0.00,1183.66,3739.09,75608
2015-03-04,280029.00,0.00,1200.36,1599.77,79036
2015-03-05,900287.00,0.00,1231.29,7206.17,89989
2015-03-06,900232.00,0.00,1256.86,7311.87,104191
2015-03-07,600090.00,0.00,1125.75,2628.28,92277
2015-03-08,900098.00,0.00,1374.78,8574.04,75695
2015-03-09,900112.00,0.00,1401.77,7314.95,76407
2015-03-10,900092.00,0.00,1458.81,10731.98,73134
2015-03-11,99999.00,0.00,1246.89,1216.27,76676
2015-03-12,800360.00,0.00,1254.90,4715.76,84906
2015-03-13,980040.00,0.00,1272.96,7176.54,97954
2015-03-14,520014.00,0.00,1100.77,2000.84,129398
2015-03-15,300112.00,0.00,1304.21,1616.66,74873
2015-03-16,88666.00,0.00,1312.54,1348.13,66915
2015-03-17,874009.00,0.00,1185.68,3826.37,80843
2015-03-18,900050.00,0.00,1347.96,8450.24,80481
2015-03-19,863641.00,0.00,1265.30,4108.58,85427
2015-03-20,820042.00,0.00,1173.84,2895.99,94599
2015-03-21,944933.00,0.00,1166.69,7754.94,91325
2015-03-22,99999.00,0.00,1233.83,1132.20,77541
2015-03-23,900184.00,0.00,1323.71,5932.99,77726
2015-03-24,900126.00,0.00,1308.39,6682.81,80805
2015-03-25,900179.00,0.00,1388.85,10054.92,80952
2015-03-26,900126.00,0.00,1359.10,8338.22,83144
2015-03-27,900192.00,0.00,1268.59,7799.60,96150
2015-03-28,900062.00,0.00,1191.85,8427.93,87015
2015-03-29,320030.00,0.00,1284.88,2346.50,70207
2015-03-30,900082.00,0.00,1416.27,7562.16,62853
2015-03-31,790020.00,0.00,1237.51,4082.11,66053
2015-04-01,900648.00,0.00,1263.34,7266.57,68680
2015-04-02,900042.00,0.00,1264.38,4315.69,78242
2015-04-03,110005.00,0.00,1116.56,1141.41,80222
2015-04-04,667125.00,0.00,1073.61,5103.42,70051
2015-04-05,600382.00,0.00,1248.33,2785.77,58787
2015-04-06,700092.00,0.00,1361.82,5925.64,64699
2015-04-07,55554.00,0.00,1180.68,1122.29,72120
2015-04-08,550000.00,0.00,1222.00,2661.57,74453
2015-04-09,500364.00,0.00,1182.28,2181.98,80096
2015-04-10,900058.00,0.00,1282.55,5646.21,91511
2015-04-11,540034.00,0.00,1152.58,2121.81,83701
2015-04-12,996666.00,0.00,1388.00,3991.09,72923
2015-04-13,222222.00,0.00,1353.11,1467.75,79468
2015-04-14,900086.00,0.00,1388.22,7590.28,84127
2015-04-15,900129.00,0.00,1489.23,8740.42,87763
2015-04-16,950044.00,0.00,1416.17,6002.53,88176
2015-04-17,900124.00,0.00,1356.56,8844.95,95552
2015-04-18,900064.00,0.00,1191.70,8075.35,95857
2015-04-19,820020.00,0.00,1322.38,3260.64,74794
2015-04-20,900062.00,0.00,1508.67,9835.64,73716
2015-04-21,540072.00,0.00,1287.81,3634.00,77270
2015-04-22,980024.00,0.00,1264.37,3775.01,83108
2015-04-23,820040.00,0.00,1310.61,4741.63,86647
2015-04-24,900318.00,0.00,1356.25,9882.19,97626
2015-04-25,800184.00,0.00,1135.49,4255.27,88007
2015-04-26,600048.00,0.00,1338.93,2589.14,72122
2015-04-27,900518.00,0.00,1462.74,9068.25,69957
2015-04-28,210009.00,0.00,1270.62,1448.10,71963
2015-04-29,900120.00,0.00,1330.38,4854.31,78692
2015-04-30,900412.00,0.00,1314.33,5809.42,87407
2015-05-01,900464.00,0.00,1355.44,9378.39,95251
2015-05-02,350011.00,0.00,1131.62,1452.35,95164
2015-05-03,330011.00,0.00,1327.70,1624.80,82681
2015-05-04,912336.00,0.00,1411.91,5599.38,73709
2015-05-05,800086.00,0.00,1259.10,5437.22,84724
2015-05-06,900062.00,0.00,1300.90,5647.18,84513
2015-05-07,840039.00,0.00,1349.54,3192.13,87038
2015-05-08,900145.00,0.00,1370.77,6629.08,91565
2015-05-09,260009.00,0.00,1147.13,1442.41,80924
2015-05-10,62165.00,0.00,1308.95,1221.41,65140
2015-05-11,900102.00,0.00,1409.62,6057.12,73288
2015-05-12,900070.00,0.00,1332.68,7545.60,79354
2015-05-13,900134.00,0.00,1417.10,8046.14,83895
2015-05-14,900068.00,0.00,1376.85,6288.93,91245
2015-05-15,800260.00,0.00,1330.98,4902.00,99990
2015-05-16,28085.00,0.00,1165.08,941.83,97481
2015-05-17,86173.00,0.00,1298.13,1161.50,86724
2015-05-18,800076.00,0.00,1407.01,3047.20,83457
2015-05-19,700096.00,0.00,1356.07,2747.45,86316
2015-05-20,50000.00,0.00,1282.52,1160.13,85008
2015-05-21,760041.00,0.00,1410.70,6440.43,83045
2015-05-22,990045.00,0.00,1309.34,5209.74,82465
2015-05-23,900144.00,0.00,1183.23,8153.58,77896
2015-05-24,37025.00,0.00,1091.46,893.86,73201
2015-05-25,75000.00,0.00,1392.82,1308.23,48507
2015-05-26,300321.00,0.00,1351.69,1877.23,67422
2015-05-27,700280.00,0.00,1314.22,4800.75,73167
2015-05-28,900062.00,0.00,1386.37,5971.49,84107
2015-05-29,900328.00,0.00,1347.59,7980.31,99443
2015-05-30,900076.00,0.00,1133.09,6889.52,105678
2015-05-31,850019.00,0.00,1221.83,3203.36,84149
2015-06-01,80000.00,0.00,1380.91,1350.78,79818
2015-06-02,90000.00,0.00,1461.83,1393.63,78545
2015-06-03,250010.00,0.00,1276.83,1478.35,79767
2015-06-04,860041.00,0.00,1343.34,4332.21,83175
2015-06-05,630017.00,0.00,1242.65,2790.00,90486
2015-06-06,54566.00,0.00,1108.76,893.70,86816
2015-06-07,46855.00,0.00,1319.83,1149.81,69281
2015-06-08,700070.00,0.00,1399.79,2921.99,74218
2015-06-09,200096.00,0.00,1331.43,1544.97,76965
2015-06-10,700128.00,0.00,1396.03,4275.20,82278
2015-06-11,900078.00,0.00,1424.25,5486.36,88700
2015-06-12,900145.00,0.00,1350.48,7407.39,99198
2015-06-13,900132.00,0.00,1256.52,8304.43,100548
2015-06-14,90485.00,0.00,1303.79,1187.28,86337
2015-06-15,220009.00,0.00,1303.72,1600.35,89884
2015-06-16,111111.00,0.00,1361.98,1434.48,89974
2015-06-17,900106.00,0.00,1451.19,7774.85,82771
2015-06-18,900220.00,0.00,1368.68,7403.68,86934
2015-06-19,920023.00,0.00,1343.54,7284.33,90643
2015-06-20,890020.00,0.00,1140.03,4430.07,88215
2015-06-21,800039.00,0.00,1348.89,3728.96,64375
2015-06-22,88888.00,0.00,1393.61,1455.98,69341
2015-06-23,760037.00,0.00,1348.92,3778.73,72262
2015-06-24,800078.00,0.00,1388.49,5409.03,80659
2015-06-25,500078.00,0.00,1313.59,2074.58,85661
2015-06-26,910040.00,0.00,1277.27,4206.14,90520
2015-06-27,88500.00,0.00,1116.32,1027.53,77374
2015-06-28,90000.00,0.00,1285.47,1178.69,72690
2015-06-29,669045.00,0.00,1335.29,4620.27,63748
2015-06-30,700090.00,0.00,1220.42,3378.23,64655
2015-07-01,35765.00,0.00,1204.95,1105.39,68477
2015-07-02,190007.00,0.00,1269.59,1388.77,74118
2015-07-03,530014.00,0.00,1201.98,2598.96,78531
2015-07-04,80038.00,0.00,1080.70,907.13,81449
2015-07-05,20000.00,0.00,1271.53,1060.26,71303
2015-07-06,39999.00,0.00,1420.19,1284.37,71612
2015-07-07,420012.00,0.00,1296.19,2036.96,68354
2015-07-08,858306.00,0.00,1260.04,3402.44,72053
2015-07-09,710036.00,0.00,1297.41,2889.90,78695
2015-07-10,900078.00,0.00,1291.37,5789.63,88043
2015-07-11,900079.00,0.00,1219.38,6834.64,88320
2015-07-12,25785.00,0.00,1307.37,1123.01,60140
2015-07-13,23585.00,0.00,1322.45,1183.47,57171
2015-07-14,77777.00,0.00,1355.01,1309.71,58771
2015-07-15,66666.00,0.00,1343.18,1260.57,59577
2015-07-16,666666.00,0.00,1293.32,2878.19,64949
2015-07-17,74123.00,0.00,1249.79,1160.75,68266
2015-07-18,25000.00,0.00,1110.51,886.82,67536
2015-07-19,690017.00,0.00,1362.55,4440.33,72602
2015-07-20,110006.00,0.00,1386.72,1370.77,66316
2015-07-21,705918.00,0.00,1296.26,3125.90,65593
2015-07-22,930045.00,0.00,1318.61,5295.85,71841
2015-07-23,55626.00,0.00,1286.68,1202.38,77624
2015-07-24,75699.00,0.00,1242.87,1095.82,86586
2015-07-25,606360.00,0.00,1114.71,2270.50,86118
2015-07-26,99999.00,0.00,1328.20,1351.15,66200
2015-07-27,89900.00,0.00,1363.89,1335.08,63701
2015-07-28,55500.00,0.00,1256.17,1135.04,70719
2015-07-29,60225.00,0.00,1331.62,1187.26,76987
2015-07-30,100052.00,0.00,1297.26,1205.18,84392
2015-07-31,700318.00,0.00,1272.85,2617.60,90158
2015-08-01,650016.00,0.00,1110.19,2418.62,84055
2015-08-02,200060.00,0.00,1244.25,1540.86,76218
2015-08-03,230044.00,0.00,1394.58,1549.94,68593
2015-08-04,800096.00,0.00,1279.26,3463.44,64063
2015-08-05,220010.00,0.00,1274.27,1572.64,69995
2015-08-06,300010.00,0.00,1296.67,1621.88,77648
2015-08-07,180007.00,0.00,1236.99,1269.89,86684
2015-08-08,850020.00,0.00,1144.78,3111.31,81512
2015-08-09,112985.00,0.00,1344.52,1370.67,65429
2015-08-10,290029.00,0.00,1374.12,1780.07,63107
2015-08-11,710062.00,0.00,1334.29,3060.34,66622
2015-08-12,40000.00,0.00,1302.77,1184.12,71642
2015-08-13,69966.00,0.00,1294.56,1190.29,80015
2015-08-14,500074.00,0.00,1208.11,2134.79,87554
2015-08-15,600090.00,0.00,1119.35,2305.68,81106
2015-08-16,99999.00,0.00,1283.54,1177.14,68810
2015-08-17,95000.00,0.00,1335.70,1376.24,65879
2015-08-18,420014.00,0.00,1278.23,2044.20,70527
2015-08-19,921465.00,0.00,1333.44,3666.86,74848
2015-08-20,910000.00,0.00,1317.81,3842.65,77992
2015-08-21,900114.00,0.00,1291.18,4552.79,85512
2015-08-22,430014.00,0.00,1141.88,1826.33,78066
2015-08-23,160006.00,0.00,1332.96,1426.44,62670
2015-08-24,667305.00,0.00,1442.90,6787.90,60208
2015-08-25,700052.00,0.00,1282.23,3106.88,61547
2015-08-26,70145.00,0.00,1268.59,1227.29,66107
2015-08-27,180008.00,0.00,1302.11,1445.81,72215
2015-08-28,88888.00,0.00,1232.13,1160.66,76736
2015-08-29,58639.00,0.00,1095.02,918.78,71780
2015-08-30,490014.00,0.00,1331.35,2370.13,58779
2015-08-31,88888.00,0.00,1368.87,1408.54,56884
2015-09-01,100314.00,0.00,1248.73,1300.48,63195
2015-09-02,563606.00,0.00,1239.78,2723.42,67289
2015-09-03,877777.00,0.00,1287.30,3451.47,73796
2015-09-04,36285.00,0.00,1268.28,1131.22,74449
2015-09-05,300054.00,0.00,1119.98,1469.36,70090
2015-09-06,99999.00,0.00,1140.76,1277.97,70472
2015-09-07,80000.00,0.00,1459.63,1363.46,45493
2015-09-08,670021.00,0.00,1354.56,2967.38,62323
2015-09-09,460012.00,0.00,1325.66,2283.48,64361
2015-09-10,250009.00,0.00,1287.05,1805.74,74181
2015-09-11,575414.00,0.00,1311.52,3254.52,84626
2015-09-12,400104.00,0.00,1149.99,1740.68,77074
2015-09-13,160008.00,0.00,1344.37,1387.58,65961
2015-09-14,800344.00,0.00,1458.07,4046.43,64321
2015-09-15,32135.00,0.00,1366.23,1222.91,71004
2015-09-16,700146.00,0.00,1423.03,3779.44,77314
2015-09-17,620016.00,0.00,1394.42,2883.93,82106
2015-09-18,550014.00,0.00,1334.35,2214.46,91326
2015-09-19,666666.00,0.00,1241.17,2594.54,80148
2015-09-20,404040.00,0.00,1422.88,3489.61,68942
2015-09-21,300036.00,0.00,1425.84,1809.31,62400
2015-09-22,99999.00,0.00,1300.79,1326.00,64117
2015-09-23,320011.00,0.00,1330.19,1738.55,64854
2015-09-24,550014.00,0.00,1333.38,2356.62,72465
2015-09-25,900078.00,0.00,1320.92,3371.16,82470
2015-09-26,253807.00,0.00,1190.96,1456.55,77905
2015-09-27,62001.00,0.00,1373.47,1177.53,67876
2015-09-28,989898.00,0.00,1387.04,4072.62,71165
2015-09-29,500152.00,0.00,1281.59,2260.17,78296
2015-09-30,300356.00,0.00,1373.97,1822.74,75573
2015-10-01,960042.00,0.00,1344.29,4007.97,77333
2015-10-02,900054.00,0.00,1284.21,3393.66,82182
2015-10-03,591449.00,0.00,1149.40,2381.18,75555
2015-10-04,600046.00,0.00,1375.29,3009.68,64160
2015-10-05,900168.00,0.00,1396.24,4295.01,66157
2015-10-06,800386.00,0.00,1315.05,3467.64,69589
2015-10-07,680037.00,0.00,1338.73,2820.58,77418
2015-10-08,550018.00,0.00,1344.82,2691.06,64966
2015-10-09,693641.00,0.00,1322.85,2713.44,81903
2015-10-10,99999.00,0.00,1172.14,1237.51,73226
2015-10-11,150007.00,0.00,1315.18,1455.19,62790
2015-10-12,390067.00,0.00,1483.17,2014.41,63739
2015-10-13,200130.00,0.00,1325.93,1443.04,75918
2015-10-14,811071.00,0.00,1351.49,3659.80,76121
2015-10-15,430014.00,0.00,1325.77,1929.88,81754
2015-10-16,440014.00,0.00,1333.18,2012.59,90609
2015-10-17,150006.00,0.00,1182.95,1157.95,78711
2015-10-18,99999.00,0.00,1382.57,1378.04,64140
2015-10-19,360013.00,0.00,1378.93,1886.36,66881
2015-10-20,420014.00,0.00,1320.63,2352.36,74083
2015-10-21,99999.00,0.00,1430.00,1347.26,75437
2015-10-22,900274.00,0.00,1419.28,5672.09,76004
2015-10-23,860046.00,0.00,1315.84,4069.55,84456
2015-10-24,99999.00,0.00,1168.77,1227.45,73557
2015-10-25,920056.00,0.00,1384.21,3979.95,61058
2015-10-26,600136.00,0.00,1398.96,2703.42,64669
2015-10-27,99999.00,0.00,1315.71,1290.25,71301
2015-10-28,590027.00,0.00,1339.35,2551.47,71687
2015-10-29,600574.00,0.00,1303.83,2494.07,75710
2015-10-30,99999.00,0.00,1254.05,1221.59,78411
2015-10-31,40000.00,0.00,1082.82,917.22,72558
2015-11-01,33145.00,0.00,1281.31,1088.36,73134
2015-11-02,99999.00,0.00,1381.45,1526.30,61780
2015-11-03,398944.00,0.00,1322.93,2379.40,66031
2015-11-04,500060.00,0.00,1335.73,2399.56,70849
2015-11-05,99999.00,0.00,1323.35,1304.73,76407
2015-11-06,99999.00,0.00,1256.23,1187.39,84532
2015-11-07,800058.00,0.00,1138.06,3480.53,74029
2015-11-08,78090.00,0.00,1370.38,1268.45,63037
2015-11-09,390012.00,0.00,1402.46,2132.04,66209
2015-11-10,700180.00,0.00,1306.19,2893.01,69497
2015-11-11,500078.00,0.00,1316.51,2261.99,69002
2015-11-12,320013.00,0.00,1331.07,1694.34,81271
2015-11-13,700422.00,0.00,1269.32,2742.39,81891
2015-11-14,550034.00,0.00,1133.89,2396.08,66307
2015-11-15,800388.00,0.00,1419.97,4670.65,56426
2015-11-16,900387.00,0.00,1508.56,8280.54,64288
2015-11-17,900121.00,0.00,1329.89,5771.05,73668
2015-11-18,800384.00,0.00,1369.62,7605.69,74508
2015-11-19,880043.00,0.00,1311.01,3325.50,80940
2015-11-20,700366.00,0.00,1286.28,5703.58,82547
2015-11-21,120006.00,0.00,1068.53,1170.08,72009
2015-11-22,900384.00,0.00,1278.48,4033.57,58774
2015-11-23,900056.00,0.00,1248.78,7002.80,57214
2015-11-24,99999.00,0.00,1153.94,1169.50,57614
2015-11-25,165205.00,0.00,1167.55,1599.70,49803
2015-11-26,54804.00,0.00,1175.23,1106.83,30783
2015-11-27,77716.00,0.00,1125.82,1233.42,42024
2015-11-28,600512.00,0.00,1280.63,4335.19,55948
2015-11-29,700616.00,0.00,1455.96,6213.69,51585
2015-11-30,90000.00,0.00,1285.19,1237.13,71999
2015-12-01,99999.00,0.00,1207.47,1245.40,74935
2015-12-02,110006.00,0.00,1233.08,1287.61,79224
2015-12-03,96000.00,0.00,1261.18,1198.95,84954
2015-12-04,180007.00,0.00,1204.20,1508.25,88358
2015-12-05,99999.00,0.00,1065.93,1133.19,75974
2015-12-06,99999.00,0.00,1218.55,1237.92,59529
2015-12-07,99999.00,0.00,1282.94,1283.15,60662
2015-12-08,800084.00,0.00,1255.57,5708.23,64136
2015-12-09,100006.00,0.00,1229.33,1369.57,68116
2015-12-10,620016.00,0.00,1223.93,2483.50,78838
2015-12-11,112145.00,0.00,1170.49,1127.18,87085
2015-12-12,21925.00,0.00,1053.30,832.22,75474
2015-12-13,220009.00,0.00,1185.93,1400.15,60262
2015-12-14,700170.00,0.00,1264.47,5071.86,63281
2015-12-15,900340.00,0.00,1254.46,8083.28,67653
2015-12-16,900984.00,0.00,1232.93,6836.17,75333
2015-12-17,100116.00,0.00,1120.88,1150.99,85272
2015-12-18,800144.00,0.00,1115.20,4123.67,92001
2015-12-19,800266.00,0.00,1076.45,6479.65,73345
2015-12-20,900066.00,0.00,1187.76,7907.48,52557
2015-12-21,800054.00,0.00,1146.43,7143.42,57938
2015-12-22,900056.00,0.00,1120.53,6946.62,58089
2015-12-23,900062.00,0.00,1287.65,12001.42,52233
2015-12-24,900071.00,0.00,1242.20,10407.15,32477
2015-12-25,20600.00,0.00,1294.74,1205.74,14577
2015-12-26,900056.00,0.00,1302.64,10449.02,29728
2015-12-27,900342.00,0.00,1359.99,8981.44,37837
2015-12-28,900064.00,0.00,1442.00,15323.73,51673
2015-12-29,700060.00,0.00,1227.73,5686.51,49908
2015-12-30,900060.00,0.00,1199.06,6822.55,55627
2015-12-31,900070.00,0.00,1143.37,8298.29,64899
2016-01-01,800054.00,0.00,1158.24,5269.88,65468
2016-01-02,900229.00,0.00,1391.55,10445.71,46554
2016-01-03,800050.00,0.00,1650.03,9268.56,39405
2016-01-04,900090.00,0.00,1454.80,6638.66,46134
2016-01-05,650022.00,0.00,1317.51,3287.98,49066
2016-01-06,99999.00,0.00,1283.59,1542.17,51924
2016-01-07,99999.00,0.00,1315.89,1446.41,54296
2016-01-08,300122.00,0.00,1242.68,1824.04,63715
2016-01-09,96654.00,0.00,1132.73,1125.82,50970
2016-01-10,89550.00,0.00,1366.26,1398.22,43192
2016-01-11,896666.00,0.00,1412.78,4075.39,56496
2016-01-12,700046.00,0.00,1333.50,3366.28,59944
2016-01-13,99999.00,0.00,1296.07,1382.55,62621
2016-01-14,139750.00,0.00,1376.22,1519.92,60952
2016-01-15,111111.00,0.00,1300.21,1350.30,68618
2016-01-16,90000.00,0.00,1141.78,1089.54,57084
2016-01-17,105400.00,0.00,1237.26,1267.60,50666
2016-01-18,50011.00,0.00,1469.83,1493.18,45054
2016-01-19,99999.00,0.00,1331.17,1430.54,59385
2016-01-20,99999.00,0.00,1329.90,1459.26,61428
2016-01-21,90000.00,0.00,1360.10,1425.09,64436
2016-01-22,900057.00,0.00,1303.19,3743.22,68069
2016-01-23,80000.00,0.00,1161.02,1133.64,53756
2016-01-24,114663.00,0.00,1332.49,1470.11,43649
2016-01-25,700057.00,0.00,1436.13,3422.13,52918
2016-01-26,88888.00,0.00,1330.08,1377.18,55360
2016-01-27,74265.00,0.00,1328.18,1334.70,57457
2016-01-28,99999.00,0.00,1347.16,1414.10,61741
2016-01-29,100447.00,0.00,1278.15,1384.78,65695
2016-01-30,77396.00,0.00,1159.88,1058.81,49861
2016-01-31,99999.00,0.00,1394.05,1419.11,40960
2016-02-01,85000.00,0.00,1423.32,1578.29,47585
2016-02-02,80000.00,0.00,1234.34,1274.60,59416
2016-02-03,62458.00,0.00,1316.14,1325.45,56495
2016-02-04,50450.00,0.00,1334.00,1320.68,61623
2016-02-05,99999.00,0.00,1283.66,1469.37,62806
2016-02-06,45000.00,0.00,1168.83,1067.29,50492
2016-02-07,100065.00,0.00,1389.66,1462.99,42222
2016-02-08,700117.00,0.00,1440.39,3337.57,53281
2016-02-09,89500.00,0.00,1300.96,1353.40,61316
2016-02-10,99999.00,0.00,1301.27,1475.97,65191
2016-02-11,90000.00,0.00,1316.14,1408.58,69843
2016-02-12,99999.00,0.00,1255.47,1339.67,75723
2016-02-13,53650.00,0.00,1130.62,1002.83,67914
2016-02-14,58200.00,0.00,1212.95,1164.65,57388
2016-02-15,62100.00,0.00,1523.23,1470.67,47834
2016-02-16,820361.00,0.00,1413.05,3709.44,58665
2016-02-17,99699.00,0.00,1319.13,1343.18,62914
2016-02-18,769000.00,0.00,1350.69,3261.11,67244
2016-02-19,53950.00,0.00,1335.62,1241.32,71713
2016-02-20,99999.00,0.00,1202.54,1278.81,64347
2016-02-21,820361.00,0.00,1408.05,3863.63,51774
2016-02-22,540016.00,0.00,1495.86,3434.27,53419
2016-02-23,69666.00,0.00,1368.12,1383.06,57566
2016-02-24,55575.00,0.00,1265.41,1315.19,64404
2016-02-25,85522.00,0.00,1438.60,1456.75,73615
2016-02-26,59350.00,0.00,1278.95,1211.29,78818
2016-02-27,869061.00,0.00,1234.25,3614.98,64271
2016-02-28,99999.00,0.00,1486.24,1635.68,48799
2016-02-29,77711.00,0.00,1430.88,1440.38,55537
2016-03-01,161532.00,0.00,1290.85,1506.18,61146
2016-03-02,50000.00,0.00,1377.67,1370.85,64012
2016-03-03,800095.00,0.00,1405.25,4030.50,70010
2016-03-04,99999.00,0.00,1370.24,1409.73,77180
2016-03-05,89900.00,0.00,1262.17,1318.87,63676
2016-03-06,188621.00,0.00,1454.29,1588.34,54788
2016-03-07,44152.00,0.00,1521.29,1461.92,59644
2016-03-08,973958.00,0.00,1490.94,4249.47,60172
2016-03-09,360014.00,0.00,1442.17,2118.19,60141
2016-03-10,666666.00,0.00,1394.02,2859.21,69062
2016-03-11,90050.00,0.00,1313.71,1296.45,77754
2016-03-12,530316.00,0.00,1224.47,2041.58,92207
2016-03-13,940024.00,0.00,1474.09,5310.55,57709
2016-03-14,86666.00,0.00,1470.65,1495.46,62029
2016-03-15,360014.00,0.00,1387.99,1981.50,62657
2016-03-16,900062.00,0.00,1458.61,7401.48,68329
2016-03-17,947621.00,0.00,1370.80,3736.01,74784
2016-03-18,881125.00,0.00,1309.53,3437.63,79909
2016-03-19,93225.00,0.00,1195.54,1106.44,65103
2016-03-20,200047.00,0.00,1427.50,1716.71,52039
2016-03-21,700075.00,0.00,1475.54,3348.65,53512
2016-03-22,600070.00,0.00,1397.24,4500.39,55400
2016-03-23,900044.00,0.00,1333.39,4454.70,64634
2016-03-24,700112.00,0.00,1325.90,2950.02,74535
2016-03-25,700058.00,0.00,1292.71,3071.15,66281
2016-03-26,27950.00,0.00,1156.70,992.38,55393
2016-03-27,775008.00,0.00,1506.23,4012.51,43391
2016-03-28,55554.00,0.00,1486.79,1476.83,49969
2016-03-29,200072.00,0.00,1349.45,1651.45,53642
2016-03-30,99999.00,0.00,1332.71,1478.96,62039
2016-03-31,77777.00,0.00,1368.24,1371.97,65186
2016-04-01,500082.00,0.00,1385.08,2234.13,77938
2016-04-02,559045.00,0.00,1237.63,2350.03,71796
2016-04-03,74000.00,0.00,1424.62,1354.98,58283
2016-04-04,65666.00,0.00,1506.44,1476.93,66628
2016-04-05,50000.00,0.00,1428.07,1424.99,64696
2016-04-06,88896.00,0.00,1369.35,1419.40,70986
2016-04-07,90975.00,0.00,1406.82,1444.56,74108
2016-04-08,20000.00,0.00,1314.16,1236.69,78843
2016-04-09,88888.00,0.00,1230.19,1126.96,66049
2016-04-10,90000.00,0.00,1519.28,1486.37,49337
2016-04-11,171184.00,0.00,1541.11,1685.30,57043
2016-04-12,83669.00,0.00,1410.40,1435.84,62004
2016-04-13,200070.00,0.00,1462.05,1838.76,66263
2016-04-14,99999.00,0.00,1451.35,1427.57,69430
2016-04-15,80000.00,0.00,1415.43,1397.11,75494
2016-04-16,77777.00,0.00,1307.57,1228.88,65315
2016-04-17,99999.00,0.00,1553.42,1479.88,53616
2016-04-18,710021.00,0.00,1562.78,3399.46,57102
2016-04-19,99999.00,0.00,1417.46,1430.22,65572
2016-04-20,700152.00,0.00,1445.74,3472.41,67959
2016-04-21,88888.00,0.00,1462.96,1503.94,65615
2016-04-22,99999.00,0.00,1340.14,1384.41,69364
2016-04-23,99999.00,0.00,1228.27,1236.53,54609
2016-04-24,500185.00,0.00,1538.65,2737.82,47166
2016-04-25,186025.00,0.00,1548.40,1737.28,51322
2016-04-26,99999.00,0.00,1375.89,1573.59,63788
2016-04-27,190013.00,0.00,1433.63,1686.00,68158
2016-04-28,600057.00,0.00,1435.80,2654.21,70527
2016-04-29,500060.00,0.00,1369.57,2244.34,75501
2016-04-30,60005.00,0.00,1200.61,1124.52,68788
2016-05-01,930045.00,0.00,1554.32,4412.77,50213
2016-05-02,748421.00,0.00,1546.44,3662.01,55306
2016-05-03,830045.00,0.00,1480.13,4088.83,58583
2016-05-04,999900.00,0.00,1471.40,4508.36,64730
2016-05-05,800077.00,0.00,1456.60,3712.94,70032
2016-05-06,800155.00,0.00,1418.38,3260.05,72904
2016-05-07,170240.00,0.00,1276.02,1316.56,61160
2016-05-08,20000.00,0.00,1555.03,1429.42,45936
2016-05-09,140011.00,0.00,1453.17,1625.69,63919
2016-05-10,600072.00,0.00,1387.18,3009.54,69311
2016-05-11,480027.00,0.00,1510.70,2792.80,69667
2016-05-12,900075.00,0.00,1502.79,3683.79,72645
2016-05-13,800100.00,0.00,1422.00,4026.53,78729
2016-05-14,800057.00,0.00,1287.80,3434.40,64294
2016-05-15,33300.00,0.00,1572.44,1456.57,51280
2016-05-16,780038.00,0.00,1605.52,3755.21,53445
2016-05-17,200102.00,0.00,1421.41,1680.71,61662
2016-05-18,490014.00,0.00,1513.37,3091.30,64735
2016-05-19,705113.00,0.00,1515.99,3120.67,68546
2016-05-20,514829.00,0.00,1472.08,2416.95,76131
2016-05-21,442780.00,0.00,1316.87,2151.18,67308
2016-05-22,444466.00,0.00,1509.19,2330.51,62632
2016-05-23,96875.00,0.00,1567.11,1569.83,66309
2016-05-24,70008.00,0.00,1507.97,1483.78,65488
2016-05-25,960048.00,0.00,1478.21,4645.84,65674
2016-05-26,99999.00,0.00,1528.34,1559.61,65802
2016-05-27,130011.00,0.00,1368.76,1423.56,67478
2016-05-28,113600.00,0.00,1248.18,1259.00,59235
2016-05-29,99999.00,0.00,1273.21,1245.88,56126
2016-05-30,55121.00,0.00,1568.58,1442.99,40304
2016-05-31,444444.00,0.00,1530.90,2739.59,55165
2016-06-01,99275.00,0.00,1468.29,1505.97,61017
2016-06-02,90000.00,0.00,1538.86,1584.52,69151
2016-06-03,33085.00,0.00,1432.08,1318.46,80004
2016-06-04,900117.00,0.00,1264.28,3774.36,65463
2016-06-05,900152.00,0.00,1417.41,3875.87,61087
2016-06-06,700077.00,0.00,1633.58,3211.54,63174
2016-06-07,400065.00,0.00,1624.07,2196.03,67276
2016-06-08,50006.00,0.00,1466.79,1401.84,64898
2016-06-09,50000.00,0.00,1488.86,1436.05,68855
2016-06-10,164885.00,0.00,1457.48,1593.21,74648
2016-06-11,73389.00,0.00,1268.04,1149.74,73151
2016-06-12,222222.00,0.00,1488.14,1802.94,62139
2016-06-13,900579.00,0.00,1485.67,3856.00,63793
2016-06-14,900092.00,0.00,1449.24,3810.70,65645
2016-06-15,600292.00,0.00,1582.05,3399.39,66624
2016-06-16,80000.00,0.00,1425.22,1431.23,65514
2016-06-17,155585.00,0.00,1404.31,1459.18,72311
2016-06-18,279304.00,0.00,1263.06,1567.82,64356
2016-06-19,77777.00,0.00,1525.93,1429.94,55769
2016-06-20,130009.00,0.00,1539.37,1640.55,63820
2016-06-21,81236.00,0.00,1461.64,1475.64,64234
2016-06-22,916604.00,0.00,1489.94,3781.17,68733
2016-06-23,100008.00,0.00,1565.22,1646.97,66360
2016-06-24,816240.00,0.00,1430.34,3450.89,66961
2016-06-25,167238.00,0.00,1238.29,1348.84,64133
2016-06-26,77321.00,0.00,1508.42,1428.66,52719
2016-06-27,300050.00,0.00,1536.17,2058.75,52444
2016-06-28,169840.00,0.00,1400.74,1683.52,53290
2016-06-29,607423.00,0.00,1445.17,2940.55,56931
2016-06-30,52523.00,0.00,1457.14,1427.86,61186
2016-07-01,666666.00,0.00,1338.91,3105.20,56654
2016-07-02,41700.00,0.00,1237.89,1156.31,48607
2016-07-03,22250.00,0.00,1184.41,1038.53,44308
2016-07-04,99999.00,0.00,1396.05,1484.68,38124
2016-07-05,105900.00,0.00,1446.70,1537.11,44880
2016-07-06,30000.00,0.00,1305.89,1240.86,52708
2016-07-07,800312.00,0.00,1341.80,3653.35,56130
2016-07-08,90000.00,0.00,1274.04,1250.37,61871
2016-07-09,900054.00,0.00,1247.34,3994.04,55898
2016-07-10,66666.00,0.00,1461.67,1434.09,46525
2016-07-11,49078.00,0.00,1497.33,1482.40,55261
2016-07-12,133003.00,0.00,1390.45,1560.34,58241
2016-07-13,100130.00,0.00,1400.18,1488.47,64883
2016-07-14,231193.00,0.00,1513.06,1837.50,67135
2016-07-15,30825.00,0.00,1412.20,1316.48,72657
2016-07-16,989012.00,0.00,1331.72,4057.22,65480
2016-07-17,77550.00,0.00,1503.30,1441.49,50572
2016-07-18,65961.00,0.00,1526.76,1512.81,54943
2016-07-19,91750.00,0.00,1509.27,1508.00,58804
2016-07-20,90013.00,0.00,1494.13,1531.21,59889
2016-07-21,55554.00,0.00,1383.78,1376.18,63874
2016-07-22,99999.00,0.00,1447.49,1464.23,63901
2016-07-23,37775.00,0.00,1210.86,1085.32,59721
2016-07-24,980045.00,0.00,1515.93,4738.82,47166
2016-07-25,100477.00,0.00,1581.83,1675.31,50267
2016-07-26,92316.00,0.00,1436.59,1523.88,52979
2016-07-27,99999.00,0.00,1465.23,1467.29,59714
2016-07-28,99999.00,0.00,1502.55,1603.20,62491
2016-07-29,100065.00,0.00,1431.15,1485.41,66460
2016-07-30,89898.00,0.00,1302.84,1288.17,56318
2016-07-31,66666.00,0.00,1438.78,1364.21,49950
2016-08-01,99999.00,0.00,1515.13,1540.35,50941
2016-08-02,593940.00,0.00,1385.17,3014.16,48415
2016-08-03,100005.00,0.00,1388.41,1585.74,52810
2016-08-04,240016.00,0.00,1393.37,1770.09,55012
2016-08-05,60800.00,0.00,1324.63,1340.65,53604
2016-08-06,78945.00,0.00,1222.37,1152.80,47340
2016-08-07,54525.00,0.00,1468.94,1421.51,39587
2016-08-08,55554.00,0.00,1468.78,1440.09,42906
2016-08-09,900345.00,0.00,1409.16,4309.75,50114
2016-08-10,50200.00,0.00,1394.42,1369.55,53409
2016-08-11,100000.00,0.00,1391.07,1492.46,59240
2016-08-12,290023.00,0.00,1326.03,1731.56,63036
2016-08-13,99999.00,0.00,1251.30,1199.82,50965
2016-08-14,96366.00,0.00,1463.98,1533.19,42599
2016-08-15,52133.00,0.00,1427.24,1410.24,48128
2016-08-16,600055.00,0.00,1384.26,3028.97,48795
2016-08-17,28000.00,0.00,1405.54,1324.30,53112
2016-08-18,800520.00,0.00,1394.55,3971.18,56261
2016-08-19,160012.00,0.00,1342.07,1532.44,55338
2016-08-20,94725.00,0.00,1251.73,1319.35,49283
2016-08-21,95000.00,0.00,1498.69,1652.79,43551
2016-08-22,780039.00,0.00,1528.50,4081.69,42437
2016-08-23,58565.00,0.00,1387.45,1450.77,46179
2016-08-24,87625.00,0.00,1342.64,1400.48,48449
2016-08-25,800060.00,0.00,1478.08,7811.53,49681
2016-08-26,170013.00,0.00,1334.36,1453.70,52116
2016-08-27,88800.00,0.00,1218.88,1192.62,48214
2016-08-28,920044.00,0.00,1483.85,5642.19,38597
2016-08-29,900100.00,0.00,1486.04,4816.44,42558
2016-08-30,748421.00,0.00,1391.20,4873.23,46183
2016-08-31,431988.00,0.00,1372.23,2771.00,46009
2016-09-01,80007.00,0.00,1366.93,1395.54,48751
2016-09-02,49000.00,0.00,1321.65,1272.52,47318
2016-09-03,241642.00,0.00,1222.23,1885.53,41080
2016-09-04,61050.00,0.00,1224.51,1155.04,38563
2016-09-05,22450.00,0.00,1597.99,1472.57,25873
2016-09-06,65123.00,0.00,1453.50,1439.60,41479
2016-09-07,600425.00,0.00,1359.24,3172.10,47021
2016-09-08,95561.00,0.00,1376.14,1493.58,50712
2016-09-09,700036.00,0.00,1374.44,3989.72,51470
2016-09-10,949061.00,0.00,1270.76,4840.32,40683
2016-09-11,21400.00,0.00,1563.24,1428.01,22720
2016-09-12,120002.00,0.00,1535.16,1606.46,25760
2016-09-13,37890.00,0.00,1417.88,1368.40,29914
2016-09-14,24850.00,0.00,1441.57,1367.18,32472
2016-09-15,25563.00,0.00,1469.58,1352.90,34481
2016-09-16,31375.00,0.00,1404.14,1305.57,36483
2016-09-17,20075.00,0.00,1291.96,1141.47,29589
2016-09-18,200362.00,0.00,1626.70,1895.02,40150
2016-09-19,60005.00,0.00,1533.29,1478.13,50196
2016-09-20,172800.00,0.00,1446.08,1752.81,50202
2016-09-21,60000.00,0.00,1459.66,1431.04,54438
2016-09-22,950045.00,0.00,1498.20,4261.93,55927
2016-09-23,78979.00,0.00,1409.55,1375.68,57882
2016-09-24,700105.00,0.00,1288.85,3498.66,48614
2016-09-25,240014.00,0.00,1625.89,2010.62,40735
2016-09-26,490025.00,0.00,1567.38,2833.54,43610
2016-09-27,84757.00,0.00,1400.75,1438.57,46069
2016-09-28,950045.00,0.00,1438.21,4272.18,55647
2016-09-29,97070.00,0.00,1439.87,1509.55,53729
2016-09-30,920046.00,0.00,1389.72,4200.09,53264
2016-10-01,25522.00,0.00,1247.42,1139.80,42210
2016-10-02,55552.00,0.00,1498.21,1415.50,34544
2016-10-03,603101.00,0.00,1565.34,3584.87,37099
2016-10-04,800085.00,0.00,1491.71,6050.56,44489
2016-10-05,55600.00,0.00,1426.30,1406.50,49463
2016-10-06,55554.00,0.00,1453.00,1418.34,55962
2016-10-07,100132.00,0.00,1464.33,1469.74,56430
2016-10-08,88802.00,0.00,1274.86,1236.28,47219
2016-10-09,25250.00,0.00,1450.96,1374.86,38955
2016-10-10,100195.00,0.00,1568.55,1625.02,35985
2016-10-11,53100.00,0.00,1406.57,1388.88,42004
2016-10-12,800087.00,0.00,1397.18,3877.83,49182
2016-10-13,800067.00,0.00,1488.14,3725.78,53901
2016-10-14,300117.00,0.00,1405.46,1916.92,60597
2016-10-15,87000.00,0.00,1244.52,1166.40,50873
2016-10-16,400442.00,0.00,1480.61,2347.83,47901
2016-10-17,775150.00,0.00,1579.71,4552.85,49105
2016-10-18,22000.00,0.00,1492.09,1434.38,49388
2016-10-19,74125.00,0.00,1458.60,1553.66,50265
2016-10-20,265826.00,0.00,1453.75,2069.97,54706
2016-10-21,99999.00,0.00,1420.53,1454.74,58235
2016-10-22,501421.00,0.00,1279.29,2633.48,48807
2016-10-23,63175.00,0.00,1532.72,1487.15,42188
2016-10-24,27275.00,0.00,1494.17,1437.68,45324
2016-10-25,57385.00,0.00,1455.98,1461.35,51004
2016-10-26,77466.00,0.00,1408.67,1388.00,56761
2016-10-27,251111.00,0.00,1464.74,1784.50,54525
2016-10-28,800095.00,0.00,1502.98,5010.01,57340
2016-10-29,900227.00,0.00,1314.67,4145.96,51091
2016-10-30,251032.00,0.00,1454.94,1946.90,43732
2016-10-31,41053.00,0.00,1439.61,1402.60,41413
2016-11-01,99999.00,0.00,1448.28,1624.56,42536
2016-11-02,100147.00,0.00,1369.70,1399.70,51702
2016-11-03,80085.00,0.00,1451.48,1408.97,61295
2016-11-04,920045.00,0.00,1526.86,4128.00,56833
2016-11-05,130013.00,0.00,1319.08,1372.87,51377
2016-11-06,99699.00,0.00,1573.74,1546.31,42145
2016-11-07,60000.00,0.00,1467.96,1420.24,47160
2016-11-08,88448.00,0.00,1398.62,1418.50,48594
2016-11-09,102511.00,0.00,1532.43,1651.10,50931
2016-11-10,666666.00,0.00,1471.75,3792.47,51010
2016-11-11,513525.00,0.00,1397.34,2740.52,50185
2016-11-12,99999.00,0.00,1225.49,1255.09,40042
2016-11-13,99999.00,0.00,1566.62,1699.07,33185
2016-11-14,927662.00,0.00,1595.19,4947.39,38782
2016-11-15,600330.00,0.00,1485.03,3254.02,44305
2016-11-16,700845.00,0.00,1513.19,3467.47,49679
2016-11-17,501511.00,0.00,1417.25,2626.81,50884
2016-11-18,163275.00,0.00,1312.20,1581.46,56426
2016-11-19,200015.00,0.00,1215.71,1647.14,40723
2016-11-20,74108.00,0.00,1384.10,1436.38,30286
2016-11-21,136280.00,0.00,1213.94,1391.16,35319
2016-11-22,423451.00,0.00,1230.60,2710.30,36454
2016-11-23,400175.00,0.00,1244.55,2674.08,32558
2016-11-24,71829.00,0.00,1329.42,1536.55,16165
2016-11-25,185012.00,0.00,1268.54,1681.81,24905
2016-11-26,21250.00,0.00,1414.17,1324.71,33105
2016-11-27,113204.00,0.00,1570.74,1720.44,32688
2016-11-28,90000.00,0.00,1369.61,1597.48,48568
2016-11-29,330204.00,0.00,1327.44,2260.95,47039
2016-11-30,290929.00,0.00,1368.09,1841.84,50928
2016-12-01,63239.00,0.00,1396.70,1402.60,55332
2016-12-02,350013.00,0.00,1282.08,1993.01,55954
2016-12-03,902631.00,0.00,1163.05,4440.47,44628
2016-12-04,38625.00,0.00,1324.33,1354.31,35653
2016-12-05,100725.00,0.00,1447.53,1635.55,41649
2016-12-06,600157.00,0.00,1317.64,3531.40,44843
2016-12-07,99999.00,0.00,1277.53,1325.28,49701
2016-12-08,91239.00,0.00,1288.28,1405.85,56816
2016-12-09,132875.00,0.00,1233.69,1335.15,58616
2016-12-10,501114.00,0.00,1140.61,2608.12,44342
2016-12-11,120009.00,0.00,1300.33,1439.56,29042
2016-12-12,74500.00,0.00,1375.17,1458.13,41715
2016-12-13,78998.00,0.00,1253.07,1310.72,48355
2016-12-14,137103.00,0.00,1243.43,1511.62,53121
2016-12-15,93169.00,0.00,1242.10,1349.71,57114
2016-12-16,71189.00,0.00,1192.10,1152.51,59173
2016-12-17,166666.00,0.00,1127.17,1569.90,42847
2016-12-18,571572.00,0.00,1289.42,4406.54,32366
2016-12-19,102434.00,0.00,1215.96,1321.48,42376
2016-12-20,35555.00,0.00,1126.33,1084.97,43468
2016-12-21,92900.00,0.00,1124.61,1124.34,41916
2016-12-22,133291.00,0.00,1138.27,1320.65,39316
2016-12-23,231217.00,0.00,1124.45,1665.25,33410
2016-12-24,46050.00,0.00,1182.68,1243.43,17595
2016-12-25,37250.00,0.00,1361.01,1442.42,8267
2016-12-26,80000.00,0.00,1442.76,1647.24,16626
2016-12-27,690033.00,0.00,1272.30,4465.25,26649
2016-12-28,71025.00,0.00,1181.09,1236.40,29167
2016-12-29,99999.00,0.00,1141.28,1254.10,31366
2016-12-30,480025.00,0.00,1183.27,2941.37,32968
2016-12-31,751380.00,0.00,1132.73,4340.87,32109
2017-01-01,100009.00,0.00,1285.06,1423.39,30042
2017-01-02,99000.00,0.00,1644.60,1952.37,17731
2017-01-03,70400.00,0.00,1315.20,1381.55,27015
2017-01-04,70007.00,0.00,1214.21,1306.61,33034
2017-01-05,514721.00,0.00,1417.01,6577.50,39356
2017-01-06,70000.00,0.00,1149.24,1188.03,42831
2017-01-07,27325.00,0.00,1133.12,1126.30,29013
2017-01-08,30000.00,0.00,1501.47,1489.22,23495
2017-01-09,56350.00,0.00,1391.06,1445.48,33903
2017-01-10,900080.00,0.00,1282.14,4686.36,39700
2017-01-11,680034.00,0.00,1326.98,3647.45,40114
2017-01-12,751069.00,0.00,1303.40,3966.27,41345
2017-01-13,88800.00,0.00,1234.88,1424.08,43513
2017-01-14,49075.00,0.00,1140.86,1155.00,29432
2017-01-15,666666.00,0.00,1300.39,4388.03,24888
2017-01-16,99999.00,0.00,1450.57,1726.11,26597
2017-01-17,751391.00,0.00,1375.02,7254.33,35503
2017-01-18,900054.00,0.00,1310.10,6705.20,36875
2017-01-19,816422.00,0.00,1309.67,5626.11,42460
2017-01-20,99999.00,0.00,1226.53,1256.46,41002
2017-01-21,666666.00,0.00,1196.23,4288.72,30104
2017-01-22,45225.00,0.00,1392.80,1357.94,23395
2017-01-23,670079.00,0.00,1381.87,3979.06,32078
2017-01-24,200004.00,0.00,1261.80,1635.50,34565
2017-01-25,500177.00,0.00,1302.53,2871.78,37356
2017-01-26,330018.00,0.00,1307.86,2109.58,40262
2017-01-27,251260.00,0.00,1201.07,1778.02,43303
2017-01-28,99999.00,0.00,1100.28,1212.38,29793
2017-01-29,383549.00,0.00,1381.19,2811.51,23735
2017-01-30,670034.00,0.00,1344.82,3946.82,32912
2017-01-31,170012.00,0.00,1219.17,1528.45,34910
2017-02-01,340062.00,0.00,1259.15,2196.12,37114
2017-02-02,300017.00,0.00,1250.53,1899.90,41719
2017-02-03,40500.00,0.00,1194.25,1177.70,42154
2017-02-04,808010.00,0.00,1151.06,4911.87,28682
2017-02-05,900352.00,0.00,1485.48,10318.50,23360
2017-02-06,99999.00,0.00,1393.58,1501.27,31889
2017-02-07,400057.00,0.00,1268.71,2479.35,37187
2017-02-08,300062.00,0.00,1269.48,2118.92,40511
2017-02-09,99900.00,0.00,1230.49,1422.50,42982
2017-02-10,45450.00,0.00,1234.22,1234.73,42450
2017-02-11,53500.00,0.00,1128.44,1066.33,31746
2017-02-12,35000.00,0.00,1341.99,1291.48,24769
2017-02-13,92675.00,0.00,1295.01,1413.30,31892
2017-02-14,303033.00,0.00,1216.35,1979.46,36396
2017-02-15,680034.00,0.00,1278.36,3905.10,40052
2017-02-16,58888.00,0.00,1290.34,1284.55,41788
2017-02-17,67850.00,0.00,1281.33,1262.79,40095
2017-02-18,303030.00,0.00,1144.66,1958.08,34733
2017-02-19,303030.00,0.00,1292.48,2203.97,27548
2017-02-20,22500.00,0.00,1497.85,1445.33,25081
2017-02-21,234322.00,0.00,1384.74,2011.14,34855
2017-02-22,50000.00,0.00,1366.24,1358.19,40474
2017-02-23,50122.00,0.00,1290.24,1289.64,50598
2017-02-24,300055.00,0.00,1264.41,2212.73,50470
2017-02-25,323430.00,0.00,1176.73,2305.78,38246
2017-02-26,77777.00,0.00,1486.33,1541.53,26857
2017-02-27,300000.00,0.00,1399.98,2209.97,33335
2017-02-28,99999.00,0.00,1272.78,1401.43,39501
2017-03-01,300057.00,0.00,1312.22,1968.63,44148
2017-03-02,655555.00,0.00,1331.02,3450.33,43094
2017-03-03,900082.00,0.00,1237.85,4354.13,46799
2017-03-04,66666.00,0.00,1178.99,1145.02,33721
2017-03-05,175013.00,0.00,1488.33,1771.04,26025
2017-03-06,800077.00,0.00,1437.74,5602.54,33637
2017-03-07,85214.00,0.00,1284.14,1354.64,38641
2017-03-08,80000.00,0.00,1336.90,1417.30,42575
2017-03-09,50000.00,0.00,1330.51,1347.23,45763
2017-03-10,320011.00,0.00,1227.75,1863.32,49779
2017-03-11,74450.00,0.00,1118.10,1102.68,52074
2017-03-12,250015.00,0.00,1465.67,2135.34,27441
2017-03-13,751397.00,0.00,1389.07,4377.92,38405
2017-03-14,526771.00,0.00,1228.34,3253.15,39000
2017-03-15,78832.00,0.00,1311.49,1489.32,46454
2017-03-16,66825.00,0.00,1340.22,1352.35,50728
2017-03-17,37260.00,0.00,1308.27,1247.29,56246
2017-03-18,28501.00,0.00,1200.96,1099.22,42630
2017-03-19,120008.00,0.00,1438.70,1503.63,35121
2017-03-20,830042.00,0.00,1477.23,4370.58,40233
2017-03-21,70000.00,0.00,1389.19,1471.19,43432
2017-03-22,33375.00,0.00,1345.76,1332.04,43772
2017-03-23,650076.00,0.00,1342.07,3430.46,44511
2017-03-24,90000.00,0.00,1275.86,1307.04,46824
2017-03-25,110008.00,0.00,1184.33,1235.21,37070
2017-03-26,48000.00,0.00,1534.10,1454.60,30900
2017-03-27,500060.00,0.00,1406.03,2998.58,36741
2017-03-28,320019.00,0.00,1299.24,2082.02,38264
2017-03-29,520024.00,0.00,1331.47,2883.95,41668
2017-03-30,34525.00,0.00,1284.14,1260.50,48495
2017-03-31,900082.00,0.00,1286.58,5003.08,49554
2017-04-01,18550.00,0.00,1228.48,1126.60,35902
2017-04-02,100925.00,0.00,1527.75,1693.70,30519
2017-04-03,63333.00,0.00,1435.65,1460.98,44101
2017-04-04,200155.00,0.00,1387.31,1795.09,46009
2017-04-05,930044.00,0.00,1415.58,5462.78,53152
2017-04-06,93366.00,0.00,1440.96,1468.60,49182
2017-04-07,186150.00,0.00,1351.76,1716.66,47470
2017-04-08,829176.00,0.00,1237.65,4674.21,34610
2017-04-09,740042.00,0.00,1523.44,4625.57,28074
2017-04-10,342544.00,0.00,1393.98,2218.07,38993
2017-04-11,888555.00,0.00,1355.10,4707.65,39083
2017-04-12,57150.00,0.00,1311.46,1297.57,41753
2017-04-13,45200.00,0.00,1324.33,1307.04,45398
2017-04-14,71500.00,0.00,1228.82,1219.05,39652
2017-04-15,50004.00,0.00,1177.35,1069.34,31348
2017-04-16,263525.00,0.00,1479.81,2570.28,22965
2017-04-17,837950.00,0.00,1517.71,4830.35,34049
2017-04-18,66666.00,0.00,1354.15,1371.54,39034
2017-04-19,690038.00,0.00,1346.34,4322.99,45275
2017-04-20,600460.00,0.00,1416.53,3251.82,45011
2017-04-21,900062.00,0.00,1357.65,4308.02,49182
2017-04-22,920044.00,0.00,1277.49,4974.09,36219
2017-04-23,21100.00,0.00,1516.88,1400.72,29994
2017-04-24,690035.00,0.00,1500.39,4068.17,35163
2017-04-25,60007.00,0.00,1403.18,1432.43,38453
2017-04-26,600067.00,0.00,1475.24,3218.45,43093
2017-04-27,130009.00,0.00,1359.40,1511.91,48272
2017-04-28,80575.00,0.00,1335.08,1483.72,47282
2017-04-29,25100.00,0.00,1179.58,1134.75,40433
2017-04-30,85177.00,0.00,1529.80,1630.23,27830
2017-05-01,99999.00,0.00,1411.68,1568.85,40282
2017-05-02,69000.00,0.00,1341.36,1442.92,42836
2017-05-03,66952.00,0.00,1392.44,1437.99,43358
2017-05-04,99999.00,0.00,1401.23,1465.93,46917
2017-05-05,132975.00,0.00,1385.83,1509.40,52290
2017-05-06,570605.00,0.00,1298.77,3628.18,43048
2017-05-07,80500.00,0.00,1492.86,1502.99,29787
2017-05-08,300767.00,0.00,1443.49,2125.54,36347
2017-05-09,432568.00,0.00,1485.94,2652.00,39847
2017-05-10,34525.00,0.00,1399.63,1399.56,45589
2017-05-11,500500.00,0.00,1414.59,3059.77,41130
2017-05-12,42225.00,0.00,1362.89,1352.34,41031
2017-05-13,85447.00,0.00,1322.71,1379.07,28590
2017-05-14,19625.00,0.00,1565.10,1487.11,24496
2017-05-15,45591.00,0.00,1547.23,1564.36,31976
2017-05-16,60004.00,0.00,1391.25,1427.71,35808
2017-05-17,240000.00,0.00,1439.25,1890.02,37216
2017-05-18,700075.00,0.00,1490.02,3715.72,41581
2017-05-19,83450.00,0.00,1375.56,1387.77,48100
2017-05-20,390021.00,0.00,1298.88,2642.07,35056
2017-05-21,42600.00,0.00,1467.50,1350.86,33165
2017-05-22,640033.00,0.00,1556.89,3596.47,38814
2017-05-23,960058.00,0.00,1503.10,5006.26,40988
2017-05-24,100397.00,0.00,1372.28,1427.82,39679
2017-05-25,280016.00,0.00,1439.05,2053.19,37267
2017-05-26,74025.00,0.00,1283.81,1370.42,34883
2017-05-27,69325.00,0.00,1171.45,1140.08,25387
2017-05-28,220013.00,0.00,1179.82,1843.38,23284
2017-05-29,105975.00,0.00,1578.96,1721.28,16113
2017-05-30,52500.00,0.00,1427.92,1444.02,26957
2017-05-31,112675.00,0.00,1433.49,1531.48,30868
2017-06-01,200014.00,0.00,1548.14,1879.37,38167
2017-06-02,63000.00,0.00,1427.98,1394.45,45554
2017-06-03,55639.00,0.00,1246.28,1103.65,38906
2017-06-04,650033.00,0.00,1416.64,3869.05,36198
2017-06-05,900043.00,0.00,1548.75,4711.89,40246
2017-06-06,60007.00,0.00,1609.40,1586.51,38355
2017-06-07,38600.00,0.00,1445.90,1392.48,36671
2017-06-08,800057.00,0.00,1495.98,4984.40,39100
2017-06-09,59999.00,0.00,1425.89,1423.96,41087
2017-06-10,550027.00,0.00,1269.94,3041.33,37764
2017-06-11,99999.00,0.00,1473.80,1551.15,36089
2017-06-12,600367.00,0.00,1388.58,3361.61,40535
2017-06-13,560030.00,0.00,1380.88,3119.67,39493
2017-06-14,920087.00,0.00,1512.63,4867.99,41256
2017-06-15,180012.00,0.00,1520.88,1810.26,40102
2017-06-16,940045.00,0.00,1386.61,5071.96,37808
2017-06-17,900210.00,0.00,1260.14,5843.41,29438
2017-06-18,43625.00,0.00,1541.12,1506.34,23834
2017-06-19,200192.00,0.00,1511.24,1993.99,32420
2017-06-20,53536.00,0.00,1449.84,1463.47,35703
2017-06-21,48150.00,0.00,1461.57,1455.17,37136
2017-06-22,98565.00,0.00,1415.88,1512.17,38808
2017-06-23,128750.00,0.00,1360.82,1523.40,38652
2017-06-24,80050.00,0.00,1234.01,1272.41,31729
2017-06-25,87905.00,0.00,1534.76,1508.42,27921
2017-06-26,700302.00,0.00,1547.81,4363.30,30364
2017-06-27,93050.00,0.00,1383.07,1459.68,31264
2017-06-28,70008.00,0.00,1385.81,1446.17,35378
2017-06-29,340023.00,0.00,1417.40,2610.53,36985
2017-06-30,150011.00,0.00,1353.55,1532.68,35594
2017-07-01,25000.00,0.00,1271.98,1165.57,29618
2017-07-02,34200.00,0.00,1211.88,1148.70,26009
2017-07-03,60007.00,0.00,1173.05,1328.76,21690
2017-07-04,99969.00,0.00,1337.95,1449.47,18334
2017-07-05,54300.00,0.00,1366.64,1513.90,25115
2017-07-06,300272.00,0.00,1259.88,2129.04,28561
2017-07-07,280017.00,0.00,1206.96,1903.44,32540
2017-07-08,90000.00,0.00,1196.58,1200.62,26995
2017-07-09,33333.00,0.00,1471.68,1388.31,23522
2017-07-10,670037.00,0.00,1458.98,4148.66,29500
2017-07-11,98744.00,0.00,1369.49,1442.15,31769
2017-07-12,55750.00,0.00,1325.00,1335.85,35082
2017-07-13,193225.00,0.00,1424.23,1704.11,35989
2017-07-14,910043.00,0.00,1350.57,4908.63,37154
2017-07-15,85081.00,0.00,1206.74,1175.20,31714
2017-07-16,33333.00,0.00,1474.64,1395.79,25321
2017-07-17,41300.00,0.00,1471.86,1473.37,28454
2017-07-18,110006.00,0.00,1382.68,1483.21,31330
2017-07-19,90000.00,0.00,1353.02,1410.60,34908
2017-07-20,99999.00,0.00,1395.37,1444.46,36834
2017-07-21,65565.00,0.00,1316.96,1324.01,39717
2017-07-22,42250.00,0.00,1250.01,1199.66,30321
2017-07-23,18400.00,0.00,1473.37,1366.01,25720
2017-07-24,57751.00,0.00,1489.32,1479.18,29838
2017-07-25,227150.00,0.00,1408.70,2017.68,31958
2017-07-26,88888.00,0.00,1362.44,1398.86,34155
2017-07-27,31100.00,0.00,1366.66,1335.80,35249
2017-07-28,60005.00,0.00,1279.77,1288.61,34249
2017-07-29,99999.00,0.00,1203.77,1262.49,26819
2017-07-30,18425.00,0.00,1431.28,1344.76,21765
2017-07-31,65780.00,0.00,1429.99,1497.07,25481
2017-08-01,5825.00,325.00,1307.39,1201.48,71
